"Term"	"Notes"	"English"	"Ukrainian"
"card_animal_pen_description"	""	"Can hold 5 Animals"	"Може містити 5 тварин"
"card_animal_pen_name"	""	"Animal Pen"	"Загін для тварин"
"card_apple_description"	""	"Keeps doctors away"	"Тримає лікарів подалі"
"card_apple_name"	""	"Apple"	"Яблуко"
"card_apple_tree_description"	""	"A tree.. with apples in it"	"Дерево... з яблуками на ньому"
"card_apple_tree_name"	""	"Apple Tree"	"Яблуня"
"card_apple_tree_status"	""	"Punching Apple Tree"	"Б'є яблуню"
"card_bear_description"	""	"Soft yet dangerous"	"М'який, але небезпечний"
"card_bear_name"	""	"Bear"	"Ведмідь"
"card_berry_description"	""	"A simple food found in Berry Bushes"	"Проста їжа, яку можна знайти в ягідних кущах"
"card_berry_name"	""	"Berry"	"Ягода"
"card_berrybush_description"	""	"A bush with delicious berries in it"	"Кущ зі смачними ягодами"
"card_berrybush_name"	""	"Berry Bush"	"Ягідний кущ"
"card_berrybush_status"	""	"Picking Berry Bush"	"Picking Berry Bush"
"card_bone_description"	""	"Fact: a skeleton consists of many of these"	"Факт: Скелети містять в собі багато такого"
"card_bone_name"	""	"Bone"	"Кістка"
"card_brick_description"	""	"A strong building material"	"Міцний будівельний матеріал"
"card_brick_name"	""	"Brick"	"Цеглина"
"card_brickyard_description"	""	"Quickly turns Stone into Bricks"	"Швидко перетворює камінь на цеглу"
"card_brickyard_name"	""	"Brickyard"	"Цегляний цех"
"card_campfire_description"	""	"Can be used to cook foods - it looks warm & cozy"	"Може бути використаний, щоб приготувати їжу, виглядає тепло і затишно"
"card_campfire_name"	""	"Campfire"	"Багаття"
"card_carrot_description"	""	"The crunchiest vegetable"	"Найхрусткіший овоч"
"card_carrot_name"	""	"Carrot"	"Морква"
"card_catacombs_description"	""	"Rumored to contain a mysterious object"	"Rumored to contain a mysterious object"
"card_catacombs_name"	""	"Catacombs"	"Катакомби"
"card_catacombs_status"	""	"Exploring Catacombs"	"Дослідження катакомб"
"card_chicken_description"	""	"Alleged descendent of dinosaurs. I don't see it"	"Так званий нащадок динозаврів. Не дуже схоже"
"card_chicken_name"	""	"Chicken"	"Курка"
"card_cooked_meat_description"	""	"It's cooked medium rare"	"Готується до середнього ступеня прожарювання"
"card_cooked_meat_name"	""	"Cooked Meat"	"Приготоване м'ясо"
"card_corpse_description"	""	"A dead human"	"Мертва людина"
"card_corpse_name"	""	"Corpse"	"Труп"
"card_cow_description"	""	"MOOOOOO!"	"МУУУУУУУУ!"
"card_cow_name"	""	"Cow"	"Корова"
"card_demon_description"	""	"The Final Boss"	"Фінальний бос"
"card_demon_name"	""	"Demon"	"Демон"
"card_dog_description"	""	"Humanity's true best friend. Can do anything a Human can, just slower!"	"Справжній найкращий друг людства. "
"card_dog_name"	""	"Dog"	"Собака"
"card_egg_description"	""	"Can't be eaten raw: thanks salmonella"	"Не можна їсти сирим, спасибі сальмонелі"
"card_egg_name"	""	"Egg"	"Яйце"
"card_explorer_description"	""	"Very fast at exploring Locations, but slightly slower at other tasks"	"Дуже швидкий у дослідженні локацій, але трохи повільніший в інших завданнях"
"card_explorer_name"	""	"Explorer"	"Дослідник"
"card_farm_description"	""	"An advanced building for growing Food"	"Сучасна будівля для вирощування продуктів харчування"
"card_farm_name"	""	"Farm"	"Ферма"
"card_flint_description"	""	"Used to start fires"	"Використовується для розпалення вогню"
"card_flint_name"	""	"Flint"	"Кремінь"
"card_forest_description"	""	"A quaint place that also contains monsters"	"Химерне місце, яке також містить монстрів"
"card_forest_name"	""	"Forest"	"Ліс"
"card_forest_status"	""	"Exploring Forest"	"Дослідження лісу"
"card_frittata_description"	""	"Delicious! Eat it with a fork"	"Смакота! Їжте виделкою"
"card_frittata_name"	""	"Frittata"	"Фритата"
"card_fruit_salad_description"	""	"A classic ancient food"	"Класична стародавня їжа"
"card_fruit_salad_name"	""	"Fruit Salad"	"Фруктовий салат"
"card_garden_description"	""	"A simple building for growing Food"	"Проста будівля для вирощування їжі"
"card_garden_name"	""	"Garden"	"Сад"
"card_giant_rat_description"	""	"Big version of a small Rat"	"Велика версія маленького щура"
"card_giant_rat_name"	""	"Giant Rat"	"Гігантський щур"
"card_goblet_description"	""	"A mysterious object"	"Містичний об'єкт"
"card_goblet_name"	""	"Golden Goblet"	"Золотий кубок"
"card_goblin_description"	""	"A monster with bad posture"	"Монстр з поганою поставою"
"card_goblin_name"	""	"Goblin"	"Ґоблін"
"card_gold_description"	""	"Humanity's best friend"	"Найкращий друг людства"
"card_gold_name"	""	"Coin"	"Монетка"
"card_graveyard_description"	""	"Very different from a normal yard"	"Дуже відрізняється від звичайного кладу"
"card_graveyard_name"	""	"Graveyard"	"Кладовище"
"card_graveyard_status"	""	"Exploring Graveyard"	"Дослідження кладовища"
"card_house_description"	""	"A nice place to live"	"Приємне місце для життя"
"card_house_name"	""	"House"	"Дім"
"card_iron_bar_description"	""	"A shiny, valuable material"	"Блискучий, цінний матеріал"
"card_iron_bar_name"	""	"Iron Bar"	"Залізний злиток"
"card_iron_deposit_description"	""	"Contains Iron Ore"	"Містить залізну руду"
"card_iron_deposit_name"	""	"Iron Deposit"	"Родовище заліза"
"card_iron_deposit_status"	""	"Punching Deposit"	"Видобуває родовище"
"card_iron_ore_description"	""	"Can be turned into Iron Bars"	"Може бути перетворена в залізні злитки"
"card_iron_ore_name"	""	"Iron Ore"	"Залізна руда"
"card_key_description"	""	"I wonder what it's for.."	"Цікаво для чого це..."
"card_key_name"	""	"Key"	"Ключ"
"card_kid_description"	""	"A young'un. Needs a House to grow up in."	"Дитинча. Потрібен дім, щоб вирости."
"card_kid_name"	""	"Baby"	"Дитинча"
"card_lumbercamp_description"	""	"An unlimited resource of Wood"	"Нескінченне родовище дерева"
"card_lumbercamp_name"	""	"Lumber Camp"	"Лісозаготівельний табір"
"card_lumbercamp_status"	""	"Logging in Camp"	"Logging in Camp"
"card_map_description"	""	"Use a Map to turn a Villager into an Explorer"	"Використайте мапу, щоб перетворити селянина в дослідника"
"card_map_name"	""	"Map"	"Мапа"
"card_market_name"	""	"Market"	"Ринок"
"card_militia_name"	""	"Militia"	"Воїн"
"card_milk_description"	""	"Fresh from the Cow"	"Щойно від корови"
"card_milk_name"	""	"Milk"	"Молоко"
"card_milkshake_description"	""	"It's Berry flavoured"	"Зі смаком ягід"
"card_milkshake_name"	""	"Milkshake"	"Молочний коктель"
"card_mountain_description"	""	"A hill with a pointy edge"	"Пагорб із загостреним краєм"
"card_mountain_name"	""	"Mountain"	"Гора"
"card_mountain_status"	""	"Exploring Mountain"	"Дослідження гори"
"card_mushroom_description"	""	"An edible fungus"	"Їстівний гриб"
"card_mushroom_name"	""	"Mushroom"	"Гриб"
"card_old_tome_description"	""	"A book with some Idea in it"	"Книга з деякими ідеями"
"card_old_tome_name"	""	"Old Tome"	"Old Tome"
"card_old_tome_status"	""	"Studying Old Tome"	"Вивчення старого тому"
"card_old_village_description"	""	"A person is rumored to still live here.."	"Подейкують, що тут досі живе людина..."
"card_old_village_name"	""	"Old Village"	"Старе селище"
"card_old_village_status"	""	"Exploring Old Village"	"Дослідження старого селища"
"card_omelette_description"	""	"Pépin would be proud"	"Пепін пишався б"
"card_omelette_name"	""	"Omelette"	"Омлет"
"card_onion_description"	""	"Can be eaten raw or can be cooked, whichever you prefer"	"Можна їсти сирим або можна приготувати, як вам більше подобається"
"card_onion_name"	""	"Onion"	"Цибуля"
"card_plains_description"	""	"The great outdoors"	"Чудовий краєвид"
"card_plains_name"	""	"Plains"	"Рівнини"
"card_plains_status"	""	"Exploring Plains"	"Дослідження рівнин"
"card_plank_description"	""	"A strong building material"	"Міцний будівельний матеріал"
"card_plank_name"	""	"Plank"	"Дошка"
"card_poop_description"	""	"It looks stinky"	"Виглядає смердючим"
"card_poop_name"	""	"Poop"	"Лайно"
"card_potato_description"	""	"Smooth and starchy, but should be cooked first"	"Гладка та крохмалиста, але її слід спочатку зварити"
"card_potato_name"	""	"Potato"	"Картопля"
"card_quarry_description"	""	"An unlimited resource of Stone"	"Безкінечне родовище каменю"
"card_quarry_name"	""	"Quarry"	"Кар'єр"
"card_quarry_status"	""	"Mining in Quarry"	"Видобування в кар'єрі"
"card_rabbit_description"	""	"Fluffy poop machine"	"Пухнаста машинка по виробленню лайна"
"card_rabbit_name"	""	"Rabbit"	"Кролик"
"card_rat_description"	""	"Small version of a Giant Rat"	"Маленька версія гігантського щура"
"card_rat_name"	""	"Rat"	"Пацюк"
"card_raw_meat_description"	""	"Should be cooked first"	"Варто спочатку приготувати"
"card_raw_meat_name"	""	"Raw Meat"	"Сире м'ясо"
"card_rock_description"	""	"It looks sturdy, yet punchable"	"Виглядає міцно, але легко пробивається"
"card_rock_name"	""	"Rock"	"Камінь"
"card_rock_status"	""	"Punching Rock"	"Б'є камінь"
"card_sawmill_description"	""	"Quickly turns Wood into Planks"	"Швидко перероблює дерево в дошки"
"card_sawmill_name"	""	"Sawmill"	"Лісопильня"
"card_shed_description"	""	"Increases your Card Cap by 4"	"Підвищує ваш ліміт карт на 4"
"card_shed_name"	""	"Shed"	"Сарай"
"card_skeleton_description"	""	"A monster consisting of a set of bones"	"Монстр, що складається з набору кісток"
"card_skeleton_name"	""	"Skeleton"	"Скелет"
"card_slime_description"	""	"3 small slimes in a trench coat"	"Три маленькі слайми в пальто"
"card_slime_name"	""	"Slime"	"Слайм"
"card_small_slime_description"	""	"A goodie-filled goo"	"A goodie-filled goo"
"card_small_slime_name"	""	"Small Slime"	"Маленький слайм"
"card_soil_description"	""	"A simple and slow way of growing Food"	"Простий та повільний спосіб вирощування їжі"
"card_soil_name"	""	"Soil"	"Ґрунт"
"card_spear_description"	""	"Stick with a pointy end"	"Паличка із загостреним кінцем"
"card_spear_name"	""	"Spear"	"Спис"
"card_stew_description"	""	"A hearty meal"	"Ситний обід"
"card_stew_name"	""	"Stew"	"Тушковане м'ясо"
"card_stick_description"	""	"Used to be part of a Tree"	"Раніше була частиною дерева"
"card_stick_name"	""	"Stick"	"Палиця"
"card_stone_description"	""	"A simple resource"	"Простий ресурс"
"card_stone_name"	""	"Stone"	"Камінь"
"card_stove_description"	""	"Cooks faster than a Campfire"	"Готує швидше, ніж багаття"
"card_stove_name"	""	"Stove"	"Плита"
"card_sword_description"	""	"An Iron Bar with a pointy end"	"Залізний пруток із загостреним кінцем"
"card_sword_name"	""	"Sword"	"Меч"
"card_swordsman_name"	""	"Swordsman"	"Мечник"
"card_temple_description"	""	"An important place of worship. It needs a mysterious artifact."	"Важливе місце поклоніння. Йому потрібен таємничий артефакт."
"card_temple_name"	""	"Temple"	"Храм"
"card_travelling_cart_description"	""	"Give me 5 Coins and I'll give you a Card!"	"Дай мені 5 монет і я дам тобі карту!"
"card_travelling_cart_name"	""	"Travelling Cart"	"Мандрівний візок"
"card_treasure_chest_description"	""	"It's locked"	"Вона замкнута"
"card_treasure_chest_name"	""	"Treasure Chest"	"Скриня зі скарбами"
"card_tree_description"	""	"Made of Wood and Sticks"	"З дерева та паличок"
"card_tree_name"	""	"Tree"	"Дерево"
"card_tree_status"	""	"Punching Tree"	"Б'є дерево"
"card_villager_description"	""	"A hard-working pioneer"	"Працьовитий першопроходець"
"card_villager_name"	""	"Villager"	"Селянин"
"card_warehouse_description"	""	"Increases your Card Cap by 14"	"Збільшує ваш ліміт карт на 14"
"card_warehouse_name"	""	"Warehouse"	"Склад"
"card_wolf_description"	""	"It looks vicious"	"Виглядає зловісно"
"card_wolf_name"	""	"Wolf"	"Вовк"
"card_wood_description"	""	"A simple resource"	"Простий ресурс"
"card_wood_name"	""	"Wood"	"Дерево"
"cardtype_food"	""	"Food"	"Їжа"
"cardtype_ideas"	""	"Ideas"	"Ідеї"
"cardtype_locations"	""	"Locations"	"Локації"
"cardtype_mobs"	""	"Mobs"	"Істоти"
"cardtype_resources"	""	"Resources"	"Ресурси"
"cardtype_structures"	""	"Structures"	"Структури"
"idea_animalpen_status_0"	""	"Building an Animal Pen"	"Будівництво загону для тварин"
"idea_brick_status_0"	""	"Creating Brick"	"Створення цеглини"
"idea_brickyard_status_0"	""	"Building a Brickyard"	"Будівництво цегельного заводу"
"idea_campfire_status_0"	""	"Starting a Campfire"	"Розпалення багаття"
"idea_carving_status_0"	""	"Creating a Stick"	"Створення палиці"
"idea_chicken_status_0"	""	"Chicken is brooding"	"Chicken is brooding"
"idea_coinchest_status_0"	""	"Making a Coin Chest"	"Створення скрині для монет"
"idea_cookedmeat_status_0"	""	"Cooking Meat"	"Приготування м'яса"
"idea_farm_status_0"	""	"Building a Farm"	"Будівництво ферми"
"idea_frittata_status_0"	""	"Cooking Frittata"	"Приготування фриттати"
"idea_fruitsalad_status_0"	""	"Making a Fruit Salad"	"Приготування фруктового салату"
"idea_garden_status_0"	""	"Building a Garden"	"Будівництво саду"
"idea_growth_name"	""	"Growth"	"Садівництво"
"idea_growth_status_0"	""	"Growing a Berry Bush"	"Вирощування ягідного куща"
"idea_growth_status_1"	""	"Growing an Apple Tree"	"Вирощування яблуні"
"idea_growth_status_2"	""	"Growing Carrots"	"Вирощування моркви"
"idea_growth_status_3"	""	"Growing Onions"	"Вирощування цибулі"
"idea_growth_status_4"	""	"Growing Potatoes"	"Вирощування картоплі"
"idea_growth_status_5"	""	"Growing Mushrooms"	"Вирощування грибів"
"idea_house_status_0"	""	"Building a House"	"Будівництво будинку"
"idea_ironweapons_status_0"	""	"Creating Sword"	"Створення меча"
"idea_ironweapons_status_1"	""	"Training Swordsman"	"Тренування мечника"
"idea_lumbercamp_status_0"	""	"Building a Lumber Camp"	"Будівництво лісозаготівельного табору"
"idea_market_status_0"	""	"Building a Market"	"Будівництво ринку"
"idea_milkshake_status_0"	""	"Making a Milkshake"	"Приготування молочного коктейлю"
"idea_mine_status_0"	""	"Building a Mine"	"Будівництво шахти"
"idea_offspring_name"	""	"Offspring"	"Розмноження"
"idea_offspring_status_0"	""	"Creating Offspring"	"Створення потомства"
"idea_offspring_status_1"	""	"Creating Puppy"	"Створення цуценя"
"idea_omelette_status_0"	""	"Cooking an Omelette"	"Приготування омлета"
"idea_planks_status_0"	""	"Creating Plank"	"Створення дошок"
"idea_quarry_status_0"	""	"Building a Quarry"	"Будівництво кар'єра"
"idea_sawmill_status_0"	""	"Building a Sawmill"	"Будівництво лісопилки"
"idea_shed_status_0"	""	"Building a Shed"	"Будівництво сараю"
"idea_smelting_status_0"	""	"Building a Smelter"	"Будівництво металургійного заводу"
"idea_smelting_status_1"	""	"Smelting Iron"	"Виплавка заліза"
"idea_stew_status_0"	""	"Cooking a Stew"	"Приготування тушкованого м'яса"
"idea_stove_status_0"	""	"Building a Stove"	"Будівництво плити"
"idea_temple_status_0"	""	"Building a Temple"	"Будівництво храму"
"idea_warehouse_status_0"	""	"Building a Warehouse"	"Будівництво складу"
"idea_woodenweapons_status_0"	""	"Creating a Spear"	"Створення спису"
"idea_woodenweapons_status_1"	""	"Training Militia"	"Тренування воїна"
"idea_woodenweapons_status_2"	""	"Training Explorer"	"Тренування дослідника"
"ideagroup_basic"	""	"Basic"	"Базові"
"ideagroup_building"	""	"Building"	"Будівлі"
"ideagroup_cooking"	""	"Cooking"	"Кулінарія"
"ideagroup_military"	""	"Military"	"Військові"
"ideagroup_resources"	""	"Resources"	"Ресурси"
"label_an_idea"	""	"An Idea"	"Ідея"
"label_back"	""	"Back"	"Назад"
"label_back_to_menu"	""	"Back to menu"	"Назад в меню"
"label_buy_packs_to_find_idea"	""	"Buy Packs to find this Idea"	"Придбайте пакунки, щоб знайти цю ідею"
"label_cant_be_sold"	""	"Can't be sold"	"Неможливо продати"
"label_card_not_found"	""	"Card not yet found"	"Картку ще не знайдено"
"label_cardopedia"	"The in-game encyclopedia for cards"	"Cardopedia"	"Картопедія"
"label_cards_found"	""	"[found]/[total] Cards Found"	"Карток знайдено: [found]/[total]"
"label_cards_infobox"	""	"Your current maximum amount of Cards is [max_card_count]. You have [card_count] [cardicon] (does not include Coins)"	"Ваша максимальна кількість карт - [max_card_count]. Ви маєте [card_count] [cardicon] (Не включаючи монети)"
"label_cards_infobox_warning"	""	"You have too many [cardicon]. Get rid of Cards or you'll have to sell Cards at the end of the Moon!"	"У вас забагато [cardicon]. Позбудьтеся карт або вам прийдеться їх продати наприкінці дня!"
"label_clear_save"	""	"Clear Save"	"Очистити збереження"
"label_clear_save_confirm"	""	"Are you sure you want to clear your save?"	"Ви впевнені, що хочете очистити своє збереження?"
"label_click_this_pack"	""	"Click this Pack to get Cards!"	"Клацність на пакунок, щоб отримати карти!"
"label_coin_infobox_text"	""	"The total amount of Coins you have"	"Загальна кількість монет, які ви маєте"
"label_coin_infobox_title"	""	"Coins"	"Монети"
"label_combat_speed"	""	"Attack Speed:"	"Швидкість атаки:"
"label_complete_more_quests"	""	"<one>Complete 1 more quest to unlock a new Pack!<other>Complete [remaining] more quests to unlock a new Pack!"	"<one>Завершіть 1 чи більше доручень, щоб розблокувати новий пакунок!<other>Виконайте ще [remaining] доручень, щоб відкрити розблокувати пакунок!"
"label_complete_more_quests_for_pack"	""	"<one>Complete 1 more quest to unlock this Pack!<other>Complete [remaining] more quests to unlock this Pack!"	"<one>Виконайте 1 чи більше доручень, щоб розблокувати цей пакунок!<other>Виконайте ще [remaining] доручень, щоб розблокувати цей пакунок!"
"label_completed_main_quest"	""	"You completed the Main Quest!"	"Ви виконали головне завдання!"
"label_continue"	""	"Continue"	"Продовжити"
"label_continue_run"	""	"Continue Run (Moon [moon])"	"Продовжити (День [moon])"
"label_credits"	""	"Credits"	"Автори"
"label_damage"	""	"Damage:"	"Шкода:"
"label_drag_coins_to_buy_pack"	""	"Drag [cost][goldicon] here to buy this Pack"	"Перенесіть [cost][goldicon] сюди, щоб купити цей пакунок"
"label_drop_to_sell"	""	"Drop to sell for [value]"	"Скиньте, щоб продати за [value]"
"label_eating"	""	"Eating.."	"Поїдання..."
"label_end_of_moon"	""	"End of Moon [moon]"	"Кінець дня [moon]"
"label_everyone_fed"	""	"Everyone was fed!"	"Всі були нагодовані!"
"label_everyone_starved"	""	"Everyone starved to death!"	"Всі померли з голоду!"
"label_feed_villagers"	""	"Feed Villagers"	"Нагодувати селян"
"label_foil"	"Term to describe a ""shiny"" card"	"(foil)"	"(Металева)"
"label_fullscreen"	""	"Fullscreen: [on_off]"	"На весь екран: [on_off]"
"label_game_options"	""	"Game Options"	"Налаштування гри"
"label_game_over"	""	"Game Over"	"Гра завершена"
"label_goblet_brought_to_temple"	""	"The Goblet was brought to the Temple"	"Чашу принесли до Храму"
"label_hit_chance"	""	"Hit Chance:"	"Шанс удару:"
"label_idea_fullname"	""	"Idea: [name]"	"Ідея: [name]"
"label_ideas"	""	"Ideas"	"Ідуї"
"label_ideas_found"	""	"[found]/[total] Ideas Found"	"[found]/[total] ідей знайдено"
"label_keep_playing"	""	"Keep playing to collect every Card!"	"Продовжуйте грати, щоб знайти кожну картку!"
"label_languages_title"	""	"Languages"	"Мови"
"label_may_contain"	""	"May contain:"	"Може містити:"
"label_moon_length"	""	"Moon Length"	"Тривалість дня"
"label_moon_length_long"	""	"Long"	"Довгий"
"label_moon_length_normal"	""	"Normal"	"Нормальний"
"label_moon_length_short"	""	"Short"	"Короткий"
"label_moon_length_tooltip"	""	"The length of a Moon - longer is easier"	"Тривалість дня, довше - легше"
"label_music"	""	"Music: [on_off]"	"Музика: [on_off]"
"label_new"	""	"New!"	"Нове!"
"label_new_cards_found"	""	"<one>1 New Card Found<other>[count] New Cards Found"	"<one>1 нова карта знайдена<other>[count] нових карт знайдено"
"label_new_pack_unlocked"	""	"New Pack Unlocked!"	"Новий пакунок розблоковано"
"label_new_run_confirm"	""	"Are you sure you want to start a new run? You'll lose the progress in your current run!"	"Ви впевнені, що хочете розпочати новий забіг? Ви втратите весь прогрес у поточному забігу!"
"label_nice"	""	"Nice!"	"Чудово!"
"label_no"	""	"No"	"Ні"
"label_off"	""	"Off"	"Вимк."
"label_okay"	""	"Okay"	"Добре"
"label_on"	""	"On"	"Увімк."
"label_options"	""	"Options"	"Налаштування"
"label_pack_now_available"	""	"[pack] Pack is now available!"	"[pack] пакунок вже доступний!"
"label_paused"	""	"Paused"	"Призупинено"
"label_peaceful_mode"	""	"Peaceful Mode"	"Мирний режим"
"label_peaceful_mode_tooltip"	""	"No enemies in Peaceful Mode"	"В мирному режимі немає ворогів"
"label_quest"	""	"Quest"	"Доручення"
"label_quest_completed"	""	"Quest Completed!"	"Доручення виконано"
"label_quest_not_possible_in_peaceful"	""	"Not possible in Peaceful Mode"	"Недоступно в мирному режимі"
"label_quests"	""	"Quests"	"Доручення"
"label_quests_completed"	""	"<one>1 Quest Completed<other>[count] Quests Completed"	"<one>1 доручення виконано<other>[count] доручень виконано"
"label_quit"	""	"Quit"	"Вийти"
"label_resolution"	""	"Resolution: [width]x[height]"	"Роздільність: [width]x[height]"
"label_resolutions_title"	""	"Resolutions"	"Роздільність"
"label_seconds_format"	""	"[seconds]s"	"[seconds]с"
"label_seconds_left_format"	""	"[seconds]s left"	"[seconds]с залишилося"
"label_select_language"	""	"Select Language"	"Вибрати мову"
"label_sell"	""	"Sell"	"Продати"
"label_sell_cards_to_continue"	""	"Sell Cards to continue"	"Продайте карти, щоб продовжити"
"label_sell_x_cards"	""	"<one>Sell 1 Card<other>Sell [count] Cards"	"<one>Продайте 1 карту<other>Продайте [count] карток"
"label_sellbox_title"	""	"Selling Cards"	"Продавання карт"
"label_sfx"	""	"SFX: [on_off]"	"SFX: [on_off]"
"label_stack_of_cards"	""	"Stack of Cards"	"Стек карт"
"label_start_new_moon"	""	"Start New Moon"	"Почати новий день"
"label_start_new_run"	""	"Start New Run"	"Почати новий забіг"
"label_start_of_moon"	""	"Start of Moon [moon]"	"Почати день [moon]"
"label_start_run"	""	"Start Run"	"Почати забіг"
"label_start_the_ritual"	""	"Start the Ritual"	"Почати ритуал"
"label_strange_portal_appeared"	""	"A Strange Portal Appeared"	"З'явився дивний портал"
"label_time_to_eat"	""	"Time to eat"	"Час їсти"
"label_timetext"	""	"Moon [moon]"	"День [moon]"
"label_timetext_peaceful"	""	"Moon [moon] - Peaceful Mode"	"День [moon] - Мирний режим"
"label_toggle_panel_title"	""	"Toggle Panel"	"Вмикнути панель"
"label_too_many_cards"	""	"<one>You have 1 Card too many!<other>You have [count] Cards too many!"	"<one>Ви маєте на 1 карту більше!<other>Ви маєте на [count] карт більше!"
"label_travelling_cart_appeared"	""	"A Travelling Cart Appeared"	"З'явився мандрівний візок"
"label_uh_oh"	""	"Uh oh"	"Ох ох"
"label_undiscovered_cards"	""	"<one>1 undiscovered Card<other>[count] undiscovered Cards"	"<one>1 недосліджена карта<other>[count] недосліджених карт"
"label_well_done"	""	"Well done!"	"Молодець!"
"label_yes"	""	"Yes"	"Так"
"label_you_killed_the_demon"	""	"You killed the Demon!"	"Ви вбили демона!"
"label_you_reached_moon"	""	"You reached Moon [moon]"	"Ви досягли [moon] дня "
"pack_a_new_world_text"	"Name of your first Card Pack"	"A New World"	"Новий світ"
"pack_cuisine_text"	"Name of a Card Pack related to Cooking"	"Curious Cuisine"	"Цікава кухня"
"pack_explorers_text"	"Name of a Card Pack related to Exploring"	"Explorers"	"Дослідники"
"pack_farming_text"	"Name of a Card Pack related to Farming"	"Reap & Sow"	"Жни і сій"
"pack_humble_beginnings_text"	"Name of a Card Pack related to Beginning"	"Humble Beginnings"	"Скромний початок"
"pack_logic_reason_text"	"Name of a Card Pack related to Ideas"	"Logic and Reason"	"Логіка та мислення"
"pack_order_structure_text"	"Name of a Card Pack related to Ideas"	"Order and Structure"	"Порядок і структура"
"pack_seeking_wisdom_text"	"Name of a Card Pack related to Ideas"	"Seeking Wisdom"	"У пошуках мудрості"
"quest_3_villagers_text"	""	"Get 3 Villagers"	"Отримати 3 селянина"
"quest_bring_goblet_text"	""	"Bring the Goblet to the Temple"	"Принести Кубок до Храму"
"quest_build_3_houses_text"	""	"Have 3 Houses"	"Мати 3 будинки"
"quest_build_farm_text"	""	"Build a Farm"	"Побудувати ферму"
"quest_build_house_text"	""	"Build a House"	"Побудувати дім"
"quest_build_temple_text"	""	"Build a Temple"	"Побудувати храм"
"quest_buy_booster_text"	"Name used in ""pack_a_new_world_text"" key"	"Buy the Humble Beginnings Pack"	"Купити пакунок ""Скромний початок"""
"quest_buy_from_travelling_cart_text"	""	"Buy something from a Travelling Cart"	"Купити щось з мандрівного візка"
"quest_carve_stick_text"	""	"Make a Stick from Wood"	"Виготовити палицю з дерева"
"quest_cook_frittata_text"	""	"Cook a Frittata"	"Приготувати фриттату"
"quest_cook_meat_text"	""	"Cook Raw Meat"	"Приготувати сире м'ясо"
"quest_cook_omelette_text"	""	"Cook an Omelette"	"Приготувати омлет"
"quest_create_brickyard_text"	""	"Build a Brickyard"	"Побудувати цегельний завод"
"quest_create_lumbercamp_text"	""	"Build a Lumber Camp"	"Побудувати лісозаготівельний табір"
"quest_create_offspring_text"	""	"Create Offspring"	"Створити потомство"
"quest_create_quarry_text"	""	"Build a Quarry"	"Побудувати кар'єр"
"quest_create_shed_text"	""	"Build a Shed"	"Побудувати сарай"
"quest_explore_forest_text"	""	"Explore a Forest"	"Дослідити ліс"
"quest_explore_mountain_text"	""	"Explore a Mountain"	"Дослідити гору"
"quest_find_catacombs_text"	""	"Find the Catacombs"	"Знайти катакомби"
"quest_find_goblet_text"	""	"Find a mysterious artifact"	"Знайти містичний артефакт"
"quest_find_graveyard_text"	""	"Find a Graveyard"	"Знайти кладовище"
"quest_get_a_dog_text"	""	"Get a Dog"	"Отримати собаку"
"quest_get_iron_bar_text"	""	"Get an Iron Bar"	"Отримати залізний зливок"
"quest_have_gold_text"	""	"Have [count] Coins"	"Мати [count] монет"
"quest_have_10_ideas_text"	""	"Have 10 Ideas"	"Мати 10 ідей"
"quest_have_10_stone_text"	""	"Have 10 Stone"	"Мати 10 каменю"
"quest_have_10_wood_text"	""	"Have 10 Wood"	"Мати 10 дерева"
"quest_have_food_text"	""	"Have [count] Food"	"Мати [count] їжі"
"quest_have_5_ideas_text"	""	"Have 5 Ideas"	"Мати 5 ідей"
"quest_kill_a_rat_text"	""	"Kill a Rat"	"Вбити пацюка"
"quest_kill_a_skeleton_text"	""	"Kill a Skeleton"	"Вбити скелета"
"quest_kill_demon_text"	""	"Kill the Demon"	"Вбити демона"
"quest_open_starter_pack_text"	""	"Open the Booster Pack"	"Open the Booster Pack"
"quest_open_treasure_chest_text"	""	"Open a Treasure Chest"	"Відкрити скриню скарбів"
"quest_pick_berrybush_text"	""	"Drag the Villager on top of the Berry Bush"	"Перемістити селянина на ягідний кущ"
"quest_reach_month_text"	""	"Reach Moon [count]"	"Досягнути дня [count]"
"quest_second_villager_text"	""	"Get a Second Villager"	"Отримайте другого селянина"
"quest_sell_at_market_text"	""	"Sell a Card at a Market"	"Продайте картку на ринку"
"quest_sell_card_text"	""	"Sell a Card"	"Продайте картку"
"quest_start_campfire_text"	""	"Start a Campfire"	"Розпаліть багаття"
"quest_train_explorer_text"	""	"Train an Explorer"	"Натренеруйте дослідника"
"quest_train_militia_text"	""	"Train Militia"	"Натренеруйте воїна"
"quest_unlock_all_packs_text"	""	"Unlock all Packs"	"Розблокуйте всі пакунки"
"new_creating_graveyard"	""	"Creating Graveyard"	"Створення кладовища"
"new_selling_card"	""	"Selling [card]"	"Продавання [card]"
"new_portal_shaking"	""	"The Portal is shaking"	"Портал трясеться"
"new_growing_up"	""	"Growing up"	"Зрощення"
"card_aquarium_description"	""	"Can hold 5 Fish"	"Може вміщувати 5 риб"
"card_aquarium_name"	""	"Aquarium"	"Акваріум"
"card_banana_description"	""	"Everyone's favorite yellow fruit"	"Всіми улюблений жовтий фрукт"
"card_banana_name"	""	"Banana"	"Банан"
"card_banana_tree_description"	""	"Made of Bananas"	"Зроблене з бананів"
"card_banana_tree_name"	""	"Banana Tree"	"Бананове дерево"
"card_banana_tree_status"	""	"Punching Banana Tree"	"Б'є бананове дерево"
"card_boat_status"	""	"Sailing Off"	"Відпливаємо"
"card_bottle_of_rum_description"	""	"Be careful: gets Villagers drunk!"	"Будьте обережні: робить селянинів п'яними!"
"card_bottle_of_rum_name"	""	"Bottle of Rum"	"Пляшка рому"
"card_bottle_of_water_description"	""	"A transparent bottle filled with transparent liquid"	"Прозора пляшка, наповнена прозорою рідиною"
"card_bottle_of_water_name"	""	"Bottle of Water"	"Пляшка води"
"card_captain_description"	""	"An expert in naval travel, sails off faster"	"Експерт з морських подорожей, відпливає швидше"
"card_captain_name"	""	"Captain"	"Капітан"
"card_cathedral_description"	""	"An important place of worship. It needs a relic."	"Важливе місце поклоніння. Йому потрібна реліквія."
"card_cathedral_name"	""	"Cathedral"	"Собор"
"card_cave_description"	""	"Pirates used to keep their Treasure Maps in these.."	"У них пірати зберігали свої карти скарбів..."
"card_cave_name"	""	"Cave"	"Печера"
"card_cave_status"	""	"Exploring Cave"	"Дослідження печери"
"card_ceviche_description"	""	"Sour fish, what's not to like"	"Кисла риба, що тут може не сподобатися"
"card_ceviche_name"	""	"Ceviche"	"Севіче"
"card_charcoal_description"	""	"Functions as an antidote for Snake Poison"	"Діє як антидот проти зміїної отрути"
"card_charcoal_name"	""	"Charcoal"	"Деревне вугілля"
"card_chili_pepper_description"	""	"Nice and spicy"	"Приємний і гострий"
"card_chili_pepper_name"	""	"Chili Pepper"	"Перець чилі"
"card_coconut_description"	""	"It's a fruit, not a nut!"	"Це фрукт, не горіх!"
"card_coconut_name"	""	"Coconut"	"Кокос"
"card_coconut_piece_description"	""	"Tropical!"	"Тропіки!"
"card_coconut_piece_name"	""	"Coconut Piece"	"Шматочок кокоса"
"card_coconut_tree_description"	""	"Made of Coconuts"	"Зроблене з кокоса"
"card_coconut_tree_name"	""	"Coconut Tree"	"Кокосове дерево"
"card_coconut_tree_status"	""	"Punching Coconut Tree"	"Б'є кокосове дерево"
"card_cod_name"	""	"Cod"	"Тріска"
"card_coin_chest_description"	""	"A chest that can hold Coins"	"Скриня, що може зберігати монети"
"card_coin_chest_description_long"	""	"A chest that can hold Coins. Click to remove Coins. Contains [count]/[max_count][goldicon]"	"Скриня, що може зберігати монети. Натисніть, щоб вийняти монети. Містить [count]/[max_count][goldicon]"
"card_coin_chest_name"	""	"Coin Chest"	"Скриня монет"
"card_composter_description"	""	"Turns 5 Food into Soil"	"Перетворює 5 їжі в ґрунт"
"card_composter_name"	""	"Composter"	"Компостер"
"card_cooked_crab_meat_description"	""	"It's fancy"	"Модний"
"card_cooked_crab_meat_name"	""	"Cooked Crab"	"Приготований краб"
"card_cooked_fish_description"	""	"I can taste the grill marks"	"Я відчуваю смак слідів від гриля"
"card_cooked_fish_name"	""	"Grilled Fish"	"Риба-гриль"
"card_cotton_description"	""	"Nature's wool"	"Природна вовна"
"card_cotton_name"	""	"Cotton"	"Бавовна"
"card_cotton_plant_description"	""	"Can be harvested for Cotton"	"Може бути зібрана з бавовни"
"card_cotton_plant_name"	""	"Cotton Plant"	"Бавовняна рослина"
"card_cotton_plant_status"	""	"Harvesting Cotton Plant"	"Збирання бавовни"
"card_crab_description"	""	"Why does everything evolve into crabs?"	"Чому все еволюціонує в крабів?"
"card_crab_name"	""	"Crab"	"Краб"
"card_demon_lord_description"	""	"The final, final boss!"	"Фінал, фінальний бос!"
"card_demon_lord_name"	""	"Demon Lord"	"Лорд демонів"
"card_distillery_description"	""	"Used for making booze"	"Використовується для виготовлення алкоголю"
"card_distillery_name"	""	"Distillery"	"Перегонний апарат"
"card_driftwood_description"	""	"A bunch of wood that has washed ashore"	"Купа деревини, яку викинуло на берег"
"card_driftwood_name"	""	"Driftwood"	"Корчі"
"card_driftwood_status"	""	"Rummaging through Driftwood"	"Порпання у корчах"
"card_eel_description"	""	"Electric sea snake"	"Електрична морська змія"
"card_eel_name"	""	"Eel"	"Вугор"
"card_empty_bottle_description"	""	"Made of Glass. Can be refilled!"	"Зроблена з скла. Може бути поповнена!"
"card_empty_bottle_name"	""	"Empty Bottle"	"Порожня пляшка"
"card_fabric_description"	""	"Fibres. together. strong."	"Волокна. Разом. Сильні."
"card_fabric_name"	""	"Fabric"	"Тканина"
"card_fish_trap_description"	""	"Needs a type of Food as bait"	"Потребує їжу для приманки"
"card_fish_trap_name"	""	"Fish Trap"	"Пастка для риби"
"card_fish_trap_status"	""	"Catching Fish"	"Ловіння риби"
"card_fisher_description"	""	"An expert at fishing. Fish fear him"	"Експерт з очікування. Риби бояться його"
"card_fisher_name"	""	"Fisher"	"Рибак"
"card_fishing_rod_description"	""	"Give it to a Villager to turn them into a Fisher"	"Дайте це селянину, щоб він став рибаком"
"card_fishing_rod_name"	""	"Fishing Rod"	"Вудочка"
"card_fishing_spot_description"	""	"A body of water filled with Fish"	"Водойма, наповнена рибою"
"card_fishing_spot_name"	""	"Fishing Spot"	"Рибальське місце"
"card_fishing_spot_status"	""	"Fishing"	"Риболовим"
"card_friendly_pirate_description"	""	"It has joined your side"	"Він приєднався до вас"
"card_friendly_pirate_name"	""	"Friendly Pirate"	"Дружелюбний пірат"
"card_frigate_description"	""	"Can carry 25 Cards. Needs a Villager to start sailing. Can't carry Buildings"	"Може перевозити 25 карток. Потребує селянина для відплиття. Не може перевозити будівлі"
"card_frigate_name"	""	"Frigate"	"Фригат"
"card_glass_description"	""	"A transparent resource"	"Прозорий ресурс"
"card_glass_name"	""	"Glass"	"Скло"
"card_gold_bar_description"	""	"A very shiny, very valuable material"	"Дуже блискучий та цінний"
"card_gold_bar_name"	""	"Gold Bar"	"Золотий злиток"
"card_gold_deposit_description"	""	"It contains Gold Ore"	"Містить золото"
"card_gold_deposit_name"	""	"Gold Deposit"	"Родовище золота"
"card_gold_deposit_status"	""	"Punching Gold Deposit"	"Видобуток родовища золота"
"card_gold_mine_description"	""	"An unlimited resource of Gold Ore"	"Нескінченне джерело золотої руди"
"card_gold_mine_name"	""	"Gold Mine"	"Золота копальня"
"card_gold_mine_status"	""	"Working in Gold Mine"	"Працює на золотій копальні"
"card_gold_ore_description"	""	"Can be turned into Gold Bars"	"Може бути перероблена на золоті злитки"
"card_gold_ore_name"	""	"Gold Ore"	"Золота руда"
"card_goop_description"	""	"Smush, sludge, gunk: it's spoilt food"	"Каша, мул, бруд: це зіпсована їжа"
"card_goop_name"	""	"Goop"	"Бридота"
"card_greenhouse_description"	""	"A high-tech building for growing Food. Automatically replants crops."	"Високотехнологічна будівля для вирощування їжі. Автоматично засаджує посадки після збору."
"card_greenhouse_name"	""	"Greenhouse"	"Теплиця"
"card_island_relic_description"	""	"Bring it to a Cathedral"	"Принесіть її до собору"
"card_island_relic_name"	""	"Island Relic"	"Острівна реліквія"
"card_jungle_description"	""	"A forest known for books"	"A forest known for books"
"card_jungle_name"	""	"Jungle"	"Джунглі"
"card_jungle_status"	""	"Exploring Jungle"	"Дослідження джунглів"
"card_kraken_description"	""	"Mad that you took its relic"	"Злиться, що ви забрали його реліквію."
"card_kraken_name"	""	"Kraken"	"Кракен"
"card_lime_description"	""	"Round and sour"	"Кисло-солодкий"
"card_lime_name"	""	"Lime"	"Лайм"
"card_mackerel_name"	""	"Mackerel"	"Скумбрія"
"card_mess_hall_description"	""	"Villagers will prioritize eating food that's on top of the Mess Hall"	"Селяни надаватимуть перевагу їжі, що лежить на їдальні"
"card_mess_hall_name"	""	"Mess Hall"	"Їдальня"
"card_message_in_a_bottle_description"	""	"It seems to have an Idea in it"	"Здається, в ній є Ідея"
"card_message_in_a_bottle_name"	""	"Message in a Bottle"	"Повідомлення в пляшці"
"card_message_in_a_bottle_status"	""	"Opening Bottle"	"Відкриття банки"
"card_mine_description"	""	"An unlimited resource of Iron Ore"	"Нескінченне джерело залізної руди"
"card_mine_name"	""	"Iron Mine"	"Залізна шахта"
"card_mine_status"	""	"Working in Iron Mine"	"Працює на золотій копальні"
"card_momma_crab_description"	""	"Maybe you shouldn't have killed those Crabs?"	"Може, не варто було вбивати тих крабів?"
"card_momma_crab_name"	""	"Momma Crab"	"Мама-краб"
"card_monkey_description"	""	"Would really like a Banana"	"Would really like a Banana"
"card_monkey_name"	""	"Monkey"	"Monkey"
"card_parrot_description"	""	"Talks like a human, flies like a bird. Makes Pirates happy"	"Talks like a human, flies like a bird. Makes Pirates happy"
"card_parrot_name"	""	"Parrot"	"Parrot"
"card_pirate_boat_description"	""	"A boat full of Pirates"	"A boat full of Pirates"
"card_pirate_boat_name"	""	"Pirate Boat"	"Pirate Boat"
"card_pirate_boat_status"	""	"We'll leave you alone for [count] Coins.."	"We'll leave you alone for [count] Coins.."
"card_pirate_description"	""	"A burly angry seaman"	"A burly angry seaman"
"card_pirate_name"	""	"Pirate"	"Pirate"
"card_raw_crab_meat_description"	""	"Should be cooked before consumption"	"Should be cooked before consumption"
"card_raw_crab_meat_name"	""	"Raw Crab Meat"	"Raw Crab Meat"
"card_raw_fish_description"	""	"It's slippery"	"It's slippery"
"card_raw_fish_name"	""	"Raw Fish"	"Raw Fish"
"card_rope_description"	""	"Long and fibrous"	"Long and fibrous"
"card_rope_name"	""	"Rope"	"Rope"
"card_rowboat_description"	""	"Can carry 1 Card. Needs a Villager to start sailing. Can't carry Buildings"	"Can carry 1 Card. Needs a Villager to start sailing. Can't carry Buildings"
"card_rowboat_name"	""	"Rowboat"	"Rowboat"
"card_sacred_chest_description"	""	"It needs a Sacred Key to be opened"	"It needs a Sacred Key to be opened"
"card_sacred_chest_name"	""	"Sacred Chest"	"Sacred Chest"
"card_sacred_key_description"	""	"Forged with Glass and Gold. Used for opening the Sacred Chest."	"Forged with Glass and Gold. Used for opening the Sacred Chest."
"card_sacred_key_name"	""	"Sacred Key"	"Sacred Key"
"card_sail_description"	""	"Used for making Boats"	"Used for making Boats"
"card_sail_name"	""	"Sail"	"Sail"
"card_sand_description"	""	"The main ingredient for a nice beach"	"The main ingredient for a nice beach"
"card_sand_name"	""	"Sand"	"Sand"
"card_sand_quarry_description"	""	"An unlimited resource of Sand"	"An unlimited resource of Sand"
"card_sand_quarry_name"	""	"Sand Quarry"	"Sand Quarry"
"card_sand_quarry_status"	""	"Mining at Sand Quarry"	"Mining at Sand Quarry"
"card_sandstone_description"	""	"An alternative to Stone. Can be used for anything Stone is needed for."	"An alternative to Stone. Can be used for anything Stone is needed for."
"card_sandstone_name"	""	"Sandstone"	"Sandstone"
"card_seafood_stew_description"	""	"Delicious Island stew"	"Delicious Island stew"
"card_seafood_stew_name"	""	"Seafood Stew"	"Seafood Stew"
"card_seagull_description"	""	"An angry bird"	"An angry bird"
"card_seagull_name"	""	"Seagull"	"Seagull"
"card_seaweed_description"	""	"Salad of the sea"	"Salad of the sea"
"card_seaweed_name"	""	"Seaweed"	"Seaweed"
"card_shark_description"	""	"A type of big angry fish"	"A type of big angry fish"
"card_shark_name"	""	"Shark"	"Shark"
"card_sheep_description"	""	"Fluffy!"	"Fluffy!"
"card_sheep_name"	""	"Sheep"	"Sheep"
"card_shell_chest_description"	""	"A chest that can hold Shells"	"A chest that can hold Shells"
"card_shell_chest_description_long"	""	"A chest that can hold Shells. Click to remove Shells . Contains [count]/[max_count][shellicon]"	"A chest that can hold Shells. Click to remove Shells . Contains [count]/[max_count][shellicon]"
"card_shell_chest_name"	""	"Shell Chest"	"Shell Chest"
"card_shell_description"	""	"The main currency on the Island"	"The main currency on the Island"
"card_shell_name"	""	"Shell"	"Shell"
"card_sloop_description"	""	"Can carry 10 Cards. Needs a Villager to start sailing. Can't carry Buildings"	"Can carry 10 Cards. Needs a Villager to start sailing. Can't carry Buildings"
"card_sloop_name"	""	"Sloop"	"Sloop"
"card_smelter_description"	""	"Processes various materials by smelting them"	"Processes various materials by smelting them"
"card_smelter_name"	""	"Smelter"	"Smelter"
"card_smelter_status"	""	"Smelting"	"Smelting"
"card_snake_description"	""	"A slithering, poisonous creature"	"A slithering, poisonous creature"
"card_snake_name"	""	"Snake"	"Snake"
"card_spring_description"	""	"A water source. Can be used to fill Empty Bottles"	"A water source. Can be used to fill Empty Bottles"
"card_spring_name"	""	"Spring"	"Spring"
"card_sugar_cane_description"	""	"It's candy flavored grass"	"It's candy flavored grass"
"card_sugar_cane_name"	""	"Sugar Cane"	"Sugar Cane"
"card_sugar_cane_status"	""	"Harvesting Sugar Cane"	"Harvesting Sugar Cane"
"card_sugar_description"	""	"Very sweet!"	"Very sweet!"
"card_sugar_name"	""	"Cane Sugar"	"Cane Sugar"
"card_sushi_description"	""	"A delicious treat"	"A delicious treat"
"card_sushi_name"	""	"Sushi"	"Sushi"
"card_tamago_sushi_description"	""	"Egg flavored sushi"	"Egg flavored sushi"
"card_tamago_sushi_name"	""	"Tamago Sushi"	"Tamago Sushi"
"card_tentacle_description"	""	"Wiggle wiggle wiggle"	"Wiggle wiggle wiggle"
"card_tentacle_name"	""	"Tentacle"	"Tentacle"
"card_tiger_description"	""	"A very strong cat"	"A very strong cat"
"card_tiger_name"	""	"Tiger"	"Tiger"
"card_trained_monkey_description"	""	"Can help you out with chores. Turns back into a normal Monkey at the end of the Moon"	"Can help you out with chores. Turns back into a normal Monkey at the end of the Moon"
"card_trained_monkey_name"	""	"Trained Monkey"	"Trained Monkey"
"card_treasure_map_description"	""	"X marks the spot. Needs to be searched with a Villager"	"X marks the spot. Needs to be searched with a Villager"
"card_treasure_map_name"	""	"Treasure Map"	"Treasure Map"
"card_treasure_map_status"	""	"Looking for Treasure"	"Looking for Treasure"
"card_tuna_name"	""	"Tuna"	"Tuna"
"card_wool_description"	""	"A soft resource"	"A soft resource"
"card_wool_name"	""	"Wool"	"Wool"
"cardtype_fish"	""	"Fish"	"Fish"
"cardtype_rumors"	""	"Rumors"	"Rumors"
"empty"	"Intentionally left blank"	""	""
"idea_aquarium_status_0"	""	"Building Aquarium"	"Building Aquarium"
"idea_befriending_pirate_status"	""	"Befriending Pirate"	"Befriending Pirate"
"idea_bottle_status_0"	""	"Making Bottle"	"Making Bottle"
"idea_cathedral_status_0"	""	"Building Cathedral"	"Building Cathedral"
"idea_ceviche_status"	""	"Making Ceviche"	"Making Ceviche"
"idea_charcoal_status"	""	"Making Charcoal"	"Making Charcoal"
"idea_charcoal_status_0"	""	"Making Charcoal"	"Making Charcoal"
"idea_compass_status"	""	"Making Compass"	"Making Compass"
"idea_composter_status"	""	"Building Composter"	"Building Composter"
"idea_composting_status"	""	"Composting"	"Composting"
"idea_cooked_crab_meat_status_0"	""	"Cooking Crab Meat"	"Cooking Crab Meat"
"idea_cooked_fish_status_0"	""	"Grilling Fish"	"Grilling Fish"
"idea_cracking_coconut_status"	""	"Cracking Coconut"	"Cracking Coconut"
"idea_distillery_status"	""	"Building Distillery"	"Building Distillery"
"idea_eating_charcoal"	""	"Removing Poison"	"Removing Poison"
"idea_fabric_status"	""	"Making Fabric"	"Making Fabric"
"idea_filling_bottle_of_water"	""	"Filling Bottle"	"Filling Bottle"
"idea_fish_trap_status"	""	"Building Fish Trap"	"Building Fish Trap"
"idea_fishing_rod_status"	""	"Making Fishing Rod"	"Making Fishing Rod"
"idea_frigate_status0"	""	"Building a Frigate"	"Building a Frigate"
"idea_greenhouse_status_0"	""	"Building Greenhouse"	"Building Greenhouse"
"idea_growth_name_status_10"	""	"Growing Chili Pepper"	"Growing Chili Pepper"
"idea_growth_name_status_9"	""	"Growing Lime"	"Growing Lime"
"idea_growth_status_6"	""	"Growing Banana Tree"	"Growing Banana Tree"
"idea_growth_status_7"	""	"Growing Coconut Tree"	"Growing Coconut Tree"
"idea_growth_status_8"	""	"Growing Cotton Plant"	"Growing Cotton Plant"
"idea_mess_hall_status"	""	"Building Mess Hall"	"Building Mess Hall"
"idea_rope_status"	""	"Making Rope"	"Making Rope"
"idea_rowboat_status0"	""	"Building a Rowboat"	"Building a Rowboat"
"idea_rum_status"	""	"Making Rum"	"Making Rum"
"idea_sacred_key_status0"	""	"Forging Sacred Key"	"Forging Sacred Key"
"idea_sail_status0"	""	"Making a Sail"	"Making a Sail"
"idea_sand_quarry_status"	""	"Building Sand Quarry"	"Building Sand Quarry"
"idea_sandstone_status"	""	"Creating Sandstone"	"Creating Sandstone"
"idea_seafood_stew_status_0"	""	"Cooking Seafood Stew"	"Cooking Seafood Stew"
"idea_shell_chest_status_0"	""	"Making Shell Chest"	"Making Shell Chest"
"idea_sloop_status0"	""	"Building a Sloop"	"Building a Sloop"
"idea_smelting_glass_status"	""	"Creating Glass"	"Creating Glass"
"idea_smelting_status_2"	""	"Smelting Gold"	"Smelting Gold"
"idea_smelting_status_3"	""	"Making Coin"	"Making Coin"
"idea_sushi_status"	""	"Making Sushi"	"Making Sushi"
"idea_tamago_sushi_status"	""	"Making Tamago Sushi"	"Making Tamago Sushi"
"idea_training_captain_status"	""	"Training Captain"	"Training Captain"
"idea_training_fisher_status"	""	"Training Fisher"	"Training Fisher"
"idea_training_monkey_status"	""	"Training Monkey"	"Training Monkey"
"ideagroup_fishing"	""	"Fishing"	"Fishing"
"ideagroup_important"	""	"Important"	"Important"
"ideagroup_island"	""	"Island"	"Island"
"ideagroup_sailing"	""	"Naval"	"Naval"
"label_a_rumor"	""	"A Rumor"	"A Rumor"
"label_awakened_something"	""	"You awakened something.."	"You awakened something.."
"label_awakened_the_kraken"	""	"It's a Kraken!"	"It's a Kraken!"
"label_card_cap"	""	"Card Cap"	"Card Cap"
"label_complete_more_island_quests_for_pack"	""	"<one>Complete 1 more Island Quest to unlock this Pack!<other>Complete [remaining] more Island Quests to unlock this Pack!"	"<one>Complete 1 more Island Quest to unlock this Pack!<other>Complete [remaining] more Island Quests to unlock this Pack!"
"label_everyone_on_island_dead"	""	"Everyone on the Island died"	"Everyone on the Island died"
"label_everyone_on_island_dead_text"	""	"Your cards will stay here for when you return"	"Your cards will stay here for when you return"
"label_island_intro_1"	""	"Welcome to the Island"	"Welcome to the Island"
"label_island_intro_2"	""	"While at the Island you won't have to take care of the Mainland"	"While at the Island you won't have to take care of the Mainland"
"label_island_intro_3"	""	"You can go back to the Mainland at any time using the Rowboat"	"You can go back to the Mainland at any time using the Rowboat"
"label_island_intro_4"	""	"The Rowboat can only carry a single card - other Boats allow you to bring more cards back and forth"	"The Rowboat can only carry a single card - other Boats allow you to bring more cards back and forth"
"label_island_intro_5"	""	"If all your Villagers die, you will be returned to the Mainland"	"If all your Villagers die, you will be returned to the Mainland"
"label_island_intro_6"	""	"Good luck!"	"Good luck!"
"label_island_intro_pack_text"	""	"You got a pack for beating the Demon"	"You got a pack for beating the Demon"
"label_island_intro_pack_title"	""	"Nice!"	"Nice!"
"label_island_intro_title"	""	"The Island!"	"The Island!"
"label_join_our_discord"	""	"Join our Discord"	"Доєднуйся до нас у Discord"
"label_main_quests"	""	"Main Quests"	"Main Quests"
"label_momma_crab_appeared_text"	""	"She seems angry.."	"She seems angry.."
"label_momma_crab_appeared_title"	""	"Momma Crab Appeared"	"Momma Crab Appeared"
"label_no_ideas_yet"	""	"You haven't found any Ideas yet"	"You haven't found any Ideas yet"
"label_one_villager_needs_to_stay"	""	"At least one Villager needs to stay on the Mainland"	"At least one Villager needs to stay on the Mainland"
"label_pirate_boat_appeared"	""	"A Pirate Boat appeared"	"A Pirate Boat appeared"
"label_quests_complete_more_to_see"	""	"Complete more quests to see the next ones"	"Complete more quests to see the next ones"
"label_return_to_mainland"	""	"Return to Mainland"	"Return to Mainland"
"label_rumor_full"	""	"Rumor: [name]"	"Rumor: [name]"
"label_sailing_off_title"	""	"Sail Off"	"Sail Off"
"label_save_game"	""	"<b>Save [save_index]</b> - [percentage] complete - last played [date]"	"<b>Save [save_index]</b> - [percentage] complete - last played [date]"
"label_save_games"	""	"Save Game"	"Save Game"
"label_select_save"	""	"Select Save"	"Вибрати збереження"
"label_side_quests"	""	"Side Quests"	"Side Quests"
"label_start_new_save"	""	"<b>Save [save_index]</b> - start new save"	"<b>Save [save_index]</b> - start new save"
"label_status_effect"	""	"Status: [status]"	"Status: [status]"
"label_time"	""	"Time"	"Time"
"label_you_killed_the_demon_lord"	""	"You killed the Demon Lord"	"You killed the Demon Lord"
"pack_island_advanced_text"	""	"Advanced Archipelago"	"Advanced Archipelago"
"pack_island_cooking_text"	""	"Grilling and Brewing"	"Grilling and Brewing"
"pack_island_ideas1_text"	""	"Island of Ideas"	"Island of Ideas"
"pack_island_ideas2_text"	""	"Island Insights"	"Island Insights"
"pack_island_intro_text"	""	"The Island?"	"The Island?"
"pack_island_locations_text"	""	"Enclave Explorers"	"Enclave Explorers"
"pack_island1_text"	""	"Fresh Isle"	"Fresh Isle"
"pack_island2_text"	""	"On The Shore"	"On The Shore"
"quest_befriend_a_pirate_text"	""	"Befriend a Pirate"	"Befriend a Pirate"
"quest_bribe_pirate_boat_text"	""	"Bribe a Pirate Boat"	"Bribe a Pirate Boat"
"quest_build_cathedral_text"	""	"Build a Cathedral on the Mainland"	"Build a Cathedral on the Mainland"
"quest_build_composter_text"	""	"Build a Composter"	"Build a Composter"
"quest_build_fish_trap_text"	""	"Build a Fish Trap"	"Build a Fish Trap"
"quest_build_greenhouse_text"	""	"Build a Greenhouse"	"Build a Greenhouse"
"quest_build_mess_hall_text"	""	"Build a Mess Hall"	"Build a Mess Hall"
"quest_build_rowboat_text"	""	"Build a Rowboat"	"Build a Rowboat"
"quest_build_sloop_text"	""	"Build a Sloop"	"Build a Sloop"
"quest_catch_a_fish_text"	""	"Catch a Fish"	"Catch a Fish"
"quest_cook_crab_meat_text"	""	"Cook Crab Meat"	"Cook Crab Meat"
"quest_crack_coconut_text"	""	"Crack a Coconut"	"Crack a Coconut"
"quest_cure_poison_text"	""	"Cure a Poisoned Villager"	"Cure a Poisoned Villager"
"quest_drunk_villager_text"	""	"Get a Villager Drunk"	"Get a Villager Drunk"
"quest_find_treasure_map_text"	""	"Find a Treasure Map"	"Find a Treasure Map"
"quest_find_treasure_text"	""	"Find Treasure"	"Find Treasure"
"quest_forge_sacred_key_text"	""	"Forge Sacred Key"	"Forge Sacred Key"
"quest_get_2_bananas_text"	""	"Get 2 Bananas"	"Get 2 Bananas"
"quest_have_shells_text"	""	"Have [count] Shells"	"Have [count] Shells"
"quest_island_relic_to_cathedral_text"	""	"Bring the Island Relic to the Cathedral"	"Bring the Island Relic to the Cathedral"
"quest_kill_demon_lord_text"	""	"Kill the Demon Lord"	"Kill the Demon Lord"
"quest_kill_kraken_text"	""	"Kill the Kraken"	"Kill the Kraken"
"quest_kill_momma_crab_text"	""	"Kill Momma Crab"	"Kill Momma Crab"
"quest_make_ceviche_text"	""	"Make Ceviche"	"Make Ceviche"
"quest_make_fish_trap_text"	""	"Make a Fish Trap"	"Make a Fish Trap"
"quest_make_glass_text"	""	"Make Glass"	"Make Glass"
"quest_make_gold_bar_text"	""	"Make a Gold Bar"	"Make a Gold Bar"
"quest_make_rope_text"	""	"Make Rope"	"Make Rope"
"quest_make_rum_text"	""	"Make a Bottle of Rum"	"Make a Bottle of Rum"
"quest_make_sail_text"	""	"Make a Sail"	"Make a Sail"
"quest_make_sandstone_text"	""	"Make Sandstone"	"Make Sandstone"
"quest_make_seafood_stew_text"	""	"Make a Seafood Stew"	"Make a Seafood Stew"
"quest_make_sushi_text"	""	"Make Sushi"	"Make Sushi"
"quest_open_message_in_a_bottle_text"	""	"Open a Message in a Bottle"	"Open a Message in a Bottle"
"quest_open_sacred_chest_text"	""	"Open the Sacred Chest"	"Open the Sacred Chest"
"quest_poisoned_villager_text"	""	"Have a Poisoned Villager"	"Have a Poisoned Villager"
"quest_punch_driftwood_text"	""	"Punch some Driftwood"	"Punch some Driftwood"
"quest_train_a_fisher_text"	""	"Train a Fisher"	"Train a Fisher"
"quest_train_captain_text"	""	"Train a Captain"	"Train a Captain"
"quest_unlock_all_island_packs_text"	""	"Unlock all Island Packs"	"Unlock all Island Packs"
"questgroup_building"	""	"Construction"	"Construction"
"questgroup_cooking"	""	"Potluck"	"Potluck"
"questgroup_exploration"	""	"Discovery"	"Discovery"
"questgroup_fighting"	""	"Power & Skill"	"Power & Skill"
"questgroup_island"	""	"Island Ambitions"	"Island Ambitions"
"questgroup_island_beginnings"	""	"Marooned"	"Marooned"
"questgroup_island_combat"	""	"Enclave Encounters"	"Enclave Encounters"
"questgroup_island_cooking"	""	"Island Grub"	"Island Grub"
"questgroup_island_mainquest"	""	"Mystery of the Island"	"Mystery of the Island"
"questgroup_island_misc"	""	"Island Other"	"Island Other"
"questgroup_mainquest"	""	"The Grand Scheme"	"The Grand Scheme"
"questgroup_other"	""	"Other"	"Other"
"questgroup_resources"	""	"Ways and Means"	"Ways and Means"
"questgroup_starter"	""	"Welcome"	"Welcome"
"questgroup_survival"	""	"Longevity"	"Longevity"
"rumor_eel_bait_description"	""	"When using a Fish Trap, Banana can be used to catch Eel"	"When using a Fish Trap, Banana can be used to catch Eel"
"rumor_eel_bait_name"	""	"Eel Bait"	"Eel Bait"
"rumor_island_description"	""	"Gold and Glass can be found on the Island"	"Gold and Glass can be found on the Island"
"rumor_island_name"	""	"The Island"	"The Island"
"rumor_shark_bait_description"	""	"When using a Fish Trap, Raw Meat can be used to catch Shark"	"When using a Fish Trap, Raw Meat can be used to catch Shark"
"rumor_shark_bait_name"	""	"Shark Bait"	"Shark Bait"
"rumor_tuna_bait_description"	""	"When using a Fish Trap, Lime can be used to catch Tuna"	"When using a Fish Trap, Lime can be used to catch Tuna"
"rumor_tuna_bait_name"	""	"Tuna Bait"	"Tuna Bait"
"statuseffect_drunk_description"	""	"Decreases work speed, decreases hit chance, increases max damage"	"Decreases work speed, decreases hit chance, increases max damage"
"statuseffect_drunk_lore"	""	"Enjoy responsibly"	"Enjoy responsibly"
"statuseffect_drunk_name"	""	"Drunk"	"Drunk"
"statuseffect_poison_description"	""	"Deals damage every 60s"	"Deals damage every 60s"
"statuseffect_poison_lore"	""	"Dangerous poison runs through their veins, they need an antidote as soon as possible"	"Dangerous poison runs through their veins, they need an antidote as soon as possible"
"statuseffect_poison_name"	""	"Poisoned"	"Poisoned"
"statuseffect_spoiling_description"	""	"Will turn into Goop after 1 Moon"	"Will turn into Goop after 1 Moon"
"statuseffect_spoiling_lore"	""	"Left out in the sun for a bit too long"	"Left out in the sun for a bit too long"
"statuseffect_spoiling_name"	""	"Spoiling"	"Spoiling"
"statuseffect_stunned_description"	""	"Unable to attack for 5s"	"Unable to attack for 5s"
"statuseffect_stunned_lore"	""	"That hit really hurt.."	"That hit really hurt.."
"statuseffect_stunned_name"	""	"Stunned"	"Stunned"
"statuseffect_wellfed_description"	""	"Increases work speed"	"Increases work speed"
"statuseffect_wellfed_lore"	""	"The hearty meal did them well"	"The hearty meal did them well"
"statuseffect_wellfed_name"	""	"Well Fed"	"Well Fed"
"label_sailing_off_full"	""	"Sailing Off"	"Sailing Off"
"language_dutch"	""	"Dutch"	"Голландська"
"language_french"	""	"French"	"Французька"
"language_german"	""	"German"	"Німецька"
"language_italian"	""	"Italian"	"Італійська"
"language_polish"	""	"Polish"	"Польська"
"language_spanish"	""	"Spanish"	"Іспанська"
"credits_aran"	""	"Concept, programming, design"	"Концепт, програмування, дизайн"
"credits_lisa"	""	"Game art"	"Ігровий дизайн"
"credits_sokpop"	""	"Game by Sokpop"	"Гра від Sokpop"
"credits_local_heroes"	""	"Localisation"	"Переклад"
"credits_special_thanks"	""	"Special Thanks"	"Особлива подяка"
"label_relic_brought_to_cathedral"	""	"The Relic was brought to the Cathedral"	"The Relic was brought to the Cathedral"
"label_controls"	""	"Controls"	"Керування"
"control_time_1"	""	"1x Speed"	"Швидкість 1x"
"control_time_2"	""	"5x Speed"	"Швидкість 5x"
"control_time_3"	""	"0x Speed"	"Швидкість 0x"
"control_time_pause"	""	"Pause Time"	"Призупинити"
"control_panel_collapse"	""	"Toggle Sidebar"	"Вмикнути бокову панель"
"control_zoom"	""	"Zoom"	"Наближення"
"control_sell"	""	"Sell Card"	"Продати картку"
"control_time_toggle"	""	"Toggle Time"	"Вмикнути час"
"control_pause"	""	"Pause Game"	"Призупинити гру"
"control_grab"	""	"Grab"	"Схопити"
"control_activate_UI"	""	"Activate UI"	"Активувати інтерфейс"
"control_move"	""	"Move"	"Move"
"control_snap_move"	""	"Snap Move"	"Snap Move"
"control_snap_cards"	""	"Snap Cards To Grid"	"Snap Cards To Grid"
"label_keyboard_mouse"	""	"Keyboard & Mouse"	"Keyboard & Mouse"
"label_controller"	""	"Controller"	"Контролер"
"label_waiting_for_input"	""	"Waiting for input"	"Waiting for input"
"label_sellbox_description"	""	"Drag Cards here to sell them. You can also use [action_sell] to sell cards."	"Drag Cards here to sell them. You can also use [action_sell] to sell cards."
"label_time_infobox"	"Controls can now be rebound, so that the parameters will be replaced with the appropriate key"	"The current Time. Use [action_time_pause] to pause or use [action_time_toggle] to toggle between Game Speeds"	"The current Time. Use [action_time_pause] to pause or use [action_time_toggle] to toggle between Game Speeds"
"label_toggle_panel_text"	"Controls can now be rebound, so that the parameters will be replaced with the appropriate key"	"Press this button or press [action_panel_collapse] to toggle the Quests and Ideas Tab"	"Press this button or press [action_panel_collapse] to toggle the Quests and Ideas Tab"
"label_auto_pause_controller"	""	"Automatically pause time when dragging cards (controller):"	"Automatically pause time when dragging cards (controller):"
"label_auto_pause_keyboardmouse"	""	"Automatically pause time when dragging cards (keyboard):"	"Automatically pause time when dragging cards (keyboard):"
"label_binding"	"Used when rebinding a control to a key"	"Assigning [control]"	"Assigning [control]"
"label_accessibility"	""	"Accessibility"	"Доступність"
"language_portuguese"	""	"Brazilian Portuguese"	"Brazilian Portuguese"
"language_chinese"	""	"Chinese"	"Chinese"
"language_japanese"	""	"Japanese"	"Japanese"
"language_korean"	""	"Korean"	"Korean"
"label_progress_stored"	""	"Progress will be saved"	"Progress will be saved"
"label_go_to_island_prompt"	""	"Are you sure you want to travel to the Island? This will first end the current Moon and feed your Villagers"	"Are you sure you want to travel to the Island? This will first end the current Moon and feed your Villagers"
"label_return_to_mainland_prompt"	""	"Are you sure you want to travel back to the Mainland? This will first end the current Moon and feed your Villagers"	"Are you sure you want to travel back to the Mainland? This will first end the current Moon and feed your Villagers"
"label_not_enough_food_before_sailing"	""	"You need to have enough Food for your Villagers before you can sail off"	"You need to have enough Food for your Villagers before you can sail off"
"idea_growth_status_11"	""	"Growing Seaweed"	"Growing Seaweed"
"card_market_description"	""	"Can be used to sell Cards for more than usual"	"Can be used to sell Cards for more than usual"
"attackdamage_veryweak"	""	"Very Weak"	"Very Weak"
"attackdamage_weak"	""	"Weak"	"Weak"
"attackdamage_normal"	""	"Normal"	"Normal"
"attackdamage_strong"	""	"Strong"	"Strong"
"attackdamage_verystrong"	""	"Very Strong"	"Very Strong"
"attackdamage_extremelystrong"	""	"Extremely Strong"	"Extremely Strong"
"attackspeed_veryslow"	""	"Very Slow"	"Very Slow"
"attackspeed_slow"	""	"Slow"	"Slow"
"attackspeed_normal"	""	"Normal"	"Normal"
"attackspeed_fast"	""	"Fast"	"Fast"
"attackspeed_veryfast"	""	"Very Fast"	"Very Fast"
"attackspeed_extremelyfast"	""	"Extremely Fast"	"Extremely Fast"
"card_amulet_of_forest_description"	""	"You feel the healing power of nature running through you"	"You feel the healing power of nature running through you"
"card_amulet_of_forest_name"	""	"Forest Amulet"	"Forest Amulet"
"card_amulet_of_mountain_description"	""	"It grounds you"	"It grounds you"
"card_amulet_of_mountain_name"	""	"Mountain Amulet"	"Mountain Amulet"
"card_archer_description"	""	"Afraid to get too close"	"Afraid to get too close"
"card_archer_name"	""	"Archer"	"Archer"
"card_axe_description"	""	"For chopping wood and monsters"	"For chopping wood and monsters"
"card_axe_name"	""	"Axe"	"Axe"
"card_bear_claw_description"	""	"Cheap Wolverine knockoff"	"Cheap Wolverine knockoff"
"card_bear_claw_name"	""	"Bear Claw"	"Bear Claw"
"card_blowpipe_description"	""	"Blow as hard as you can"	"Blow as hard as you can"
"card_blowpipe_name"	""	"Blowpipe"	"Blowpipe"
"card_blunderbuss_description"	""	"Watch out! Could blow up in your own face"	"Watch out! Could blow up in your own face"
"card_blunderbuss_name"	""	"Blunderbuss"	"Blunderbuss"
"card_bone_spear_description"	""	"Intimidating version of a regular Spear"	"Intimidating version of a regular Spear"
"card_bone_spear_name"	""	"Bone Spear"	"Bone Spear"
"card_bone_staff_description"	""	"A bone with special abilities"	"A bone with special abilities"
"card_bone_staff_name"	""	"Bone Staff"	"Bone Staff"
"card_boomerang_description"	""	"Always comes back to you"	"Always comes back to you"
"card_boomerang_name"	""	"Boomerang"	"Boomerang"
"card_bow_description"	""	"Makes you feel like Robin Hood"	"Makes you feel like Robin Hood"
"card_bow_name"	""	"Bow"	"Bow"
"card_broken_bottle_description"	""	"Cut out for the job"	"Cut out for the job"
"card_broken_bottle_name"	""	"Broken Bottle"	"Broken Bottle"
"card_builder_description"	""	"Way faster at Building"	"Way faster at Building"
"card_builder_name"	""	"Builder"	"Builder"
"card_bunny_hat_description"	""	"It's adorable!"	"It's adorable!"
"card_bunny_hat_name"	""	"Rabbit Hat"	"Rabbit Hat"
"card_chainmail_armor_description"	""	"A medieval era classic"	"A medieval era classic"
"card_chainmail_armor_name"	""	"Chainmail Armor"	"Chainmail Armor"
"card_club_description"	""	"Not used for playing baseball"	"Not used for playing baseball"
"card_club_name"	""	"Club"	"Club"
"card_crab_scale_armor_description"	""	"The scales are impenetrable"	"The scales are impenetrable"
"card_crab_scale_armor_name"	""	"Crab Scale Armor"	"Crab Scale Armor"
"card_crossbow_description"	""	"A gun for arrows"	"A gun for arrows"
"card_crossbow_name"	""	"Crossbow"	"Crossbow"
"card_dark_amulet_description"	""	"Its dark force makes you stronger"	"Its dark force makes you stronger"
"card_dark_amulet_name"	""	"Dark Amulet"	"Dark Amulet"
"card_dark_elf_description"	""	"Emo version of a regular Elf"	"Emo version of a regular Elf"
"card_dark_elf_name"	""	"Dark Elf"	"Dark Elf"
"card_demon_sword_description"	""	"An excellent blade used by the Demon himself"	"An excellent blade used by the Demon himself"
"card_demon_sword_name"	""	"Demon Sword"	"Demon Sword"
"card_elf_archer_description"	""	"Elves are the best archers"	"Elves are the best archers"
"card_elf_archer_name"	""	"Elf Archer"	"Elf Archer"
"card_elf_description"	""	"Does not work for Santa Claus anymore"	"Does not work for Santa Claus anymore"
"card_elf_name"	""	"Elf"	"Elf"
"card_enchanted_shroom_description"	""	"It's a magic shroom"	"It's a magic shroom"
"card_enchanted_shroom_name"	""	"Enchanted Shroom"	"Enchanted Shroom"
"card_ent_description"	""	"A talking and walking tree"	"A talking and walking tree"
"card_ent_name"	""	"Ent"	"Ent"
"card_feral_cat_description"	""	"Does it have rabies? Probably!"	"Does it have rabies? Probably!"
"card_feral_cat_name"	""	"Feral Cat"	"Feral Cat"
"card_fire_cloak_description"	""	"It's lit"	"It's lit"
"card_fire_cloak_name"	""	"Fire Cloak"	"Fire Cloak"
"card_frog_helmet_description"	""	"Grants you frog powers"	"Grants you frog powers"
"card_frog_helmet_name"	""	"Frog Helmet"	"Frog Helmet"
"card_frog_man_description"	""	"A man made of frogs"	"A man made of frogs"
"card_frog_man_name"	""	"Frog Man"	"Frog Man"
"card_ghost_description"	""	"Only shows up on low quality photos"	"Only shows up on low quality photos"
"card_ghost_name"	""	"Ghost"	"Ghost"
"card_giant_snail_description"	""	"The French would go crazy for this one"	"The French would go crazy for this one"
"card_giant_snail_name"	""	"Giant Snail"	"Giant Snail"
"card_goblin_archer_description"	""	"A more talented regular Goblin"	"A more talented regular Goblin"
"card_goblin_archer_name"	""	"Goblin Archer"	"Goblin Archer"
"card_goblin_hat_description"	""	"Goblin fashion is outdated"	"Goblin fashion is outdated"
"card_goblin_hat_name"	""	"Goblin Hat"	"Goblin Hat"
"card_goblin_shaman_description"	""	"Keeps the other Goblins happy"	"Keeps the other Goblins happy"
"card_goblin_shaman_name"	""	"Goblin Shaman"	"Goblin Shaman"
"card_gold_chestplate_description"	""	"Slightly overdressed for the event"	"Slightly overdressed for the event"
"card_gold_chestplate_name"	""	"Golden Chestplate"	"Golden Chestplate"
"card_hammer_description"	""	"Slow and blunt but packs a punch"	"Slow and blunt but packs a punch"
"card_hammer_name"	""	"Hammer"	"Hammer"
"card_helmet_description"	""	"It goes on top of your head. Great for cycling"	"It goes on top of your head. Great for cycling"
"card_helmet_name"	""	"Helmet"	"Helmet"
"card_horned_helmet_description"	""	"Useful for strong headbuts"	"Useful for strong headbuts"
"card_horned_helmet_name"	""	"Horned Helmet"	"Horned Helmet"
"card_iron_shield_description"	""	"A strong defense against hard blows"	"A strong defense against hard blows"
"card_iron_shield_name"	""	"Iron Shield"	"Iron Shield"
"card_kraken_tooth_axe_description"	""	"Left for the tooth fairy, you took it instead"	"Left for the tooth fairy, you took it instead"
"card_kraken_tooth_axe_name"	""	"Kraken Tooth Axe"	"Kraken Tooth Axe"
"card_leather_tunic_description"	""	"Armor made from the finest leather"	"Armor made from the finest leather"
"card_leather_tunic_name"	""	"Leather Tunic"	"Leather Tunic"
"card_lumberjack_description"	""	"Way faster at harvesting Wood"	"Way faster at harvesting Wood"
"card_lumberjack_name"	""	"Lumberjack"	"Lumberjack"
"card_mage_description"	""	"A post-grad Wizard"	"A post-grad Wizard"
"card_mage_name"	""	"Mage"	"Mage"
"card_magic_blade_description"	""	"An ordinary sword that glitters"	"An ordinary sword that glitters"
"card_magic_blade_name"	""	"Magic Blade"	"Magic Blade"
"card_magic_broom_description"	""	"You took it from some Old Lady"	"You took it from some Old Lady"
"card_magic_broom_name"	""	"Magic Broom"	"Magic Broom"
"card_magic_dust_description"	""	"It looks like glitter"	"It looks like glitter"
"card_magic_dust_name"	""	"Magic Dust"	"Magic Dust"
"card_magic_ring_description"	""	"Once it slides on your finger it grants you magic powers"	"Once it slides on your finger it grants you magic powers"
"card_magic_ring_name"	""	"Magic Ring"	"Magic Ring"
"card_magic_staff_description"	""	"A long, enchanted rod"	"A long, enchanted rod"
"card_magic_staff_name"	""	"Magic Staff"	"Magic Staff"
"card_magic_tome_description"	""	"An old book with spells in it"	"An old book with spells in it"
"card_magic_tome_name"	""	"Magic Tome"	"Magic Tome"
"card_magic_wand_description"	""	"A simple magic weapon"	"A simple magic weapon"
"card_magic_wand_name"	""	"Magic Wand"	"Magic Wand"
"card_merman_description"	""	"Half man, half mer"	"Half man, half mer"
"card_merman_name"	"It's the male version of a Mermaid"	"Merman"	"Merman"
"card_mimic_description"	""	"It almost got me"	"It almost got me"
"card_mimic_name"	""	"Mimic"	"Mimic"
"card_miner_description"	""	"Way faster at harvesting Rock, Gold & Iron"	"Way faster at harvesting Rock, Gold & Iron"
"card_miner_name"	""	"Miner"	"Miner"
"card_morning_star_description"	""	"Spikes on a stick"	"Spikes on a stick"
"card_morning_star_name"	""	"Morning Star"	"Morning Star"
"card_mosquito_description"	""	"He even hates himself"	"He even hates himself"
"card_mosquito_name"	""	"Mosquito"	"Mosquito"
"card_ninja_description"	""	"Silent and deadly"	"Silent and deadly"
"card_ninja_name"	""	"Ninja"	"Ninja"
"card_ogre_description"	""	"Big and chunky"	"Big and chunky"
"card_ogre_name"	""	"Ogre"	"Ogre"
"card_orc_wizard_description"	""	"Mean and green"	"Mean and green"
"card_orc_wizard_name"	""	"Orc Wizard"	"Orc Wizard"
"card_pickaxe_description"	""	"A stick with two pointy ends"	"A stick with two pointy ends"
"card_pickaxe_name"	""	"Pickaxe"	"Pickaxe"
"card_pirate_hat_description"	""	"Useful for dress up parties"	"Useful for dress up parties"
"card_pirate_hat_name"	""	"Pirate Hat"	"Pirate Hat"
"card_pirate_sword_description"	""	"Designed for swashbucklers"	"Designed for swashbucklers"
"card_pirate_sword_name"	""	"Pirate Sabre"	"Pirate Sabre"
"card_quiver_description"	""	"Makes you more efficient"	"Makes you more efficient"
"card_quiver_name"	""	"Quiver"	"Quiver"
"card_rat_crown_description"	""	"Turn into the King of the Rats"	"Turn into the King of the Rats"
"card_rat_crown_name"	""	"Rat Crown"	"Rat Crown"
"card_skull_helmet_description"	""	"Kinda messed up"	"Kinda messed up"
"card_skull_helmet_name"	""	"Skull Helmet"	"Skull Helmet"
"card_slingshot_description"	""	"Very inaccurately hurl rocks at enemies"	"Very inaccurately hurl rocks at enemies"
"card_slingshot_name"	""	"Slingshot"	"Slingshot"
"card_smithy_description"	""	"A building used for creating better weapons"	"A building used for creating better weapons"
"card_smithy_name"	""	"Smithy"	"Smithy"
"card_spiked_plank_description"	""	"For tough construction workers"	"For tough construction workers"
"card_spiked_plank_name"	""	"Spiked Plank"	"Spiked Plank"
"card_stable_portal_name"	""	"Stable Portal"	"Stable Portal"
"card_stable_portal_status"	""	"Entering the Portal"	"Entering the Portal"
"card_staff_of_fear_description"	""	"Very scary!!"	"Very scary!!"
"card_staff_of_fear_name"	""	"Staff of Fear"	"Staff of Fear"
"card_strange_portal_description"	""	"It looks threatening. I wonder if we can enter it?"	"It looks threatening. I wonder if we can enter it?"
"card_strange_portal_name"	""	"Strange Portal"	"Strange Portal"
"card_throwing_star_description"	""	"Fast and accurate, ninjas love them"	"Fast and accurate, ninjas love them"
"card_throwing_star_name"	""	"Throwing Stars"	"Throwing Stars"
"card_tiger_fur_coat_description"	""	"Trashy but at least it makes you feel strong"	"Trashy but at least it makes you feel strong"
"card_tiger_fur_coat_name"	""	"Tiger Fur Coat"	"Tiger Fur Coat"
"card_warrior_description"	""	"A Villager who goes to the gym"	"A Villager who goes to the gym"
"card_warrior_name"	""	"Warrior"	"Warrior"
"card_wicked_witch_description"	""	"I liked her more when she was still a regular Old Lady"	"I liked her more when she was still a regular Old Lady"
"card_wicked_witch_name"	""	"Wicked Witch"	"Wicked Witch"
"card_wicked_witch_name_2"	""	"Old Lady"	"Old Lady"
"card_wizard_description"	""	"A villager with glitter"	"A villager with glitter"
"card_wizard_name"	""	"Wizard"	"Wizard"
"card_wizard_robe_description"	""	"It's like a magical snuggie"	"It's like a magical snuggie"
"card_wizard_robe_name"	""	"Wizard Robe"	"Wizard Robe"
"card_wolf_head_description"	""	"Perfect for furries"	"Perfect for furries"
"card_wolf_head_name"	""	"Wolf Head"	"Wolf Head"
"card_wooden_shield_description"	""	"A basic defense against hard blows"	"A basic defense against hard blows"
"card_wooden_shield_name"	""	"Wooden Shield"	"Дерев'яний щит"
"cardtype_equipable"	""	"Equipment"	"Спорядження"
"control_toggle_inventory"	""	"Open Inventory"	"Відкрити інвентар"
"credits_wouter"	""	"Programming"	"Програмування"
"defence_veryweak"	""	"Very Weak"	"Дуже слабкий"
"defence_weak"	""	"Weak"	"Слабкий"
"defence_normal"	""	"Normal"	"Нормальний"
"defence_strong"	""	"Strong"	"Сильний"
"defence_verystrong"	""	"Very Strong"	"Дуже сильний"
"defence_extremelystrong"	""	"Extremely Strong"	"Надзвичайно сильний"
"hitchance_verysmall"	""	"Very Small"	"Дуже маленький"
"hitchance_small"	""	"Small"	"Маленький"
"hitchance_normal"	""	"Normal"	"Нормальний"
"hitchance_high"	""	"High"	"Високий"
"hitchance_veryhigh"	""	"Very High"	"Дуже високий"
"hitchance_extremelyhigh"	""	"Extremely High"	"Надзвичайно високий"
"idea_amulet_of_forest_status_0"	""	"Crafting Amulet of the Forest"	"Crafting Amulet of the Forest"
"idea_amulet_of_mountain_status_0"	""	"Crafting Amulet of the Mountain"	"Crafting Amulet of the Mountain"
"idea_axe_status_0"	""	"Creating an Axe"	"Creating an Axe"
"idea_blowpipe_status_0"	""	"Creating a Blowpipe"	"Creating a Blowpipe"
"idea_blunderbuss_status_0"	""	"Creating a Blunderbuss"	"Creating a Blunderbuss"
"idea_bone_spear_status_0"	""	"Creating a Bone Spear"	"Creating a Bone Spear"
"idea_bone_staff_status_0"	""	"Creating a Bone Staff"	"Creating a Bone Staff"
"idea_boomerang_status_0"	""	"Creating a Boomerang"	"Creating a Boomerang"
"idea_bow_status_0"	""	"Creating a Bow"	"Creating a Bow"
"idea_broken_bottle_status_0"	""	"Smashing a Bottle"	"Smashing a Bottle"
"idea_chainmail_armor_status_0"	""	"Creating Chainmail Armor"	"Creating Chainmail Armor"
"idea_club_status_0"	""	"Creating a Club"	"Creating a Club"
"idea_crossbow_status_0"	""	"Creating a Crossbow"	"Creating a Crossbow"
"idea_gold_chestplate_status_0"	""	"Smithing a Chestplate"	"Smithing a Chestplate"
"idea_growth_status_12"	""	"Growing Sugar Cane"	"Growing Sugar Cane"
"idea_hammer_status_0"	""	"Creating a Hammer"	"Creating a Hammer"
"idea_iron_shield_status_0"	""	"Smithing an Iron Shield"	"Smithing an Iron Shield"
"idea_magic_blade_status_0"	""	"Creating a Magic Blade"	"Creating a Magic Blade"
"idea_magic_ring_status_0"	""	"Creating a Magic Ring"	"Creating a Magic Ring"
"idea_magic_staff_status_0"	""	"Creating a Magic Staff"	"Creating a Magic Staff"
"idea_magic_tome_status_0"	""	"Creating a Magic Tome"	"Creating a Magic Tome"
"idea_magic_wand_status_0"	""	"Creating a Magic Wand"	"Creating a Magic Wand"
"idea_pickaxe_status_0"	""	"Creating a Pickaxe"	"Creating a Pickaxe"
"idea_slingshot_status_0"	""	"Creating a Slingshot"	"Creating a Slingshot"
"idea_smithy_status_0"	""	"Building a Smithy"	"Building a Smithy"
"idea_spiked_plank_status_0"	""	"Spiking a Plank"	"Spiking a Plank"
"idea_stable_portal_status_0"	""	"Building a Stable Portal"	"Building a Stable Portal"
"idea_throwing_star_status_0"	""	"Creating a Throwing Star"	"Creating a Throwing Star"
"idea_wizard_robe_status_0"	""	"Creating Wizard Robe"	"Creating Wizard Robe"
"idea_wooden_shield_status_0"	""	"Creating Wooden Shield"	"Creating Wooden Shield"
"label_base_combatlevel"	""	"Base Combat Level [level]"	"Base Combat Level [level]"
"label_can_drop"	""	"Can drop:"	"Може містити:"
"label_cancel_the_ritual"	""	"Wait a minute..."	"Зачекайте хвилинку..."
"label_combatlevel"	""	"Combat Level [level]"	"Рівень бою: [level]"
"label_debug_cards"	"Does not need to be translated"	"Cards"	"Cards"
"label_debug_coin_chest"	"Does not need to be translated"	"Spawn full coin chest"	"Spawn full coin chest"
"label_debug_effects"	"Does not need to be translated"	"Status effects"	"Status effects"
"label_debug_end_moon"	"Does not need to be translated"	"End current moon"	"End current moon"
"label_debug_endless_moon"	"Does not need to be translated"	"Endless moon: [on_off]"	"Endless moon: [on_off]"
"label_debug_general"	"Does not need to be translated"	"General"	"General"
"label_debug_reset_run"	"Does not need to be translated"	"Reset run vars"	"Reset run vars"
"label_debug_scenario_demon"	"Does not need to be translated"	"Spawn the Demon"	"Spawn the Demon"
"label_debug_scenario_demon_lord"	"Does not need to be translated"	"Spawn the Demon Lord"	"Spawn the Demon Lord"
"label_debug_scenario_island"	"Does not need to be translated"	"Go to the Island"	"Go to the Island"
"label_debug_scenario_kraken"	"Does not need to be translated"	"Spawn the Kraken"	"Spawn the Kraken"
"label_debug_scenario_witch_forest"	"Does not need to be translated"	"Go to witch forest"	"Go to witch forest"
"label_debug_shortcut_copy"	"Does not need to be translated"	"Hover + C: Copy card"	"Hover + C: Copy card"
"label_debug_shortcut_delete"	"Does not need to be translated"	"Hover + R: Remove/kill card"	"Hover + R: Remove/kill card"
"label_debug_shortcut_heal"	"Does not need to be translated"	"Hover + H: heal card"	"Hover + H: heal card"
"label_debug_shortcut_progress"	"Does not need to be translated"	"Hover + Z: Complete progress"	"Hover + Z: Complete progress"
"label_debug_shortcut_status"	"Does not need to be translated"	"Hover + U: Remove status effects"	"Hover + U: Remove status effects"
"label_debug_shortcuts"	"Does not need to be translated"	"Shortcuts"	"Shortcuts"
"label_debug_spawn_enemies"	"Does not need to be translated"	"Spawn Enemies"	"Spawn Enemies"
"label_debug_toggle_no_food"	"Does not need to be translated"	"Not using food: [on_off]"	"Not using food: [on_off]"
"label_debug_toggle_peaceful_mode"	"Does not need to be translated"	"Peaceful mode: [on_off]"	"Peaceful mode: [on_off]"
"label_debug_unlock_boosters"	"Does not need to be translated"	"Unlock all booster packs"	"Unlock all booster packs"
"label_debug_unlock_ideas"	"Does not need to be translated"	"Unlock all ideas"	"Unlock all ideas"
"label_debug_unlock_quests"	"Does not need to be translated"	"Unlock all quests"	"Unlock all quests"
"label_defence"	""	"Defense"	"Defense"
"label_demo"	""	"Demo"	"Demo"
"label_demo_any_key_to_start"	""	"Press any key to start playing"	"Press any key to start playing"
"label_demo_reset_warning"	""	"Demo will reset in [time]s, press any key to continue"	"Demo will reset in [time]s, press any key to continue"
"label_equiping"	""	"Equipping [card]"	"Equipping [card]"
"label_everyone_in_forest_dead"	""	"You could not seek revenge"	"You could not seek revenge"
"label_everyone_in_forest_dead_text"	""	"Strenghten up and try again!"	"Strenghten up and try again!"
"label_extra_combat_stats"	""	"Extra Combat Stats: [on_off]"	"Extra Combat Stats: [on_off]"
"label_forest_fight"	""	"Get ready to fight!"	"Get ready to fight!"
"label_forest_fight_wave_10"	""	"Get ready to fight the Wicked Witch!"	"Get ready to fight the Wicked Witch!"
"label_forest_intro_1"	""	"You enter a Strange Dark Forest"	"You enter a Strange Dark Forest"
"label_forest_intro_2"	""	"An old lady appears!"	"An old lady appears!"
"label_forest_intro_3"	""	"Good day to you, traveler.."	"Good day to you, traveler.."
"label_forest_intro_4"	""	"Now she's closer, she does not look like an Old Lady at all!"	"Now she's closer, she does not look like an Old Lady at all!"
"label_forest_intro_5"	""	"She's a Wicked Witch!"	"She's a Wicked Witch!"
"label_forest_intro_6"	""	"You've come to seek revenge, but you'll never defeat me!"	"You've come to seek revenge, but you'll never defeat me!"
"label_forest_intro_title"	""	"The Dark Forest"	"The Dark Forest"
"label_forest_leave"	""	"You fled with your earnings"	"You fled with your earnings"
"label_forest_lost"	""	"Pathetic, was that everything you've got?"	"Pathetic, was that everything you've got?"
"label_forest_lost_2"	""	"All your villagers have fallen. You have to take your losses and fall back."	"All your villagers have fallen. You have to take your losses and fall back."
"label_forest_lost_title"	""	"Your Villagers withered away"	"Your Villagers withered away"
"label_forest_resume"	""	"So you're back for more? You will never defeat me!"	"So you're back for more? You will never defeat me!"
"label_forest_resume_title"	""	"Back again?"	"Back again?"
"label_forest_wave_10_end"	""	"How did this happen? I'll defeat you!"	"How did this happen? I'll defeat you!"
"label_forest_wave_10_end2"	""	"Do you want to fight the Wicked Witch or leave the Forest?"	"Do you want to fight the Wicked Witch or leave the Forest?"
"label_forest_wave_end"	""	"You've beaten my minions, but I have plenty more!"	"You've beaten my minions, but I have plenty more!"
"label_forest_wave_end_leave"	""	"Flee the Forest"	"Flee the Forest"
"label_forest_wave_end_next_wave"	""	"Fight wave [wave]"	"Fight wave [wave]"
"label_forest_wave_end_wave_10"	""	"Fight the Wicked Witch"	"Fight the Wicked Witch"
"label_forest_wave_end2"	""	"Do you want to fight the next wave or run away?"	"Do you want to fight the next wave or run away?"
"label_forest_wave_endless_end"	""	"You've defeated the Wicked Witch, yet a dark force still lingers.."	"You've defeated the Wicked Witch, yet a dark force still lingers.."
"label_forest_wave_endless_end3"	""	"You can continue fighting to get more resources"	"You can continue fighting to get more resources"
"label_forest_wave_title"	""	"Wave Defeated"	"Wave Defeated"
"label_framerate_120"	""	"120 FPS"	"30 FPS"
"label_framerate_30"	""	"30 FPS"	"60 FPS"
"label_framerate_60"	""	"60 FPS"	"120 FPS"
"label_framerate_cap"	""	"Framerate limit: [fps_cap]"	"Ліміт кадрів: [fps_cap]"
"label_framerate_unlimited"	""	"None"	"Немає"
"label_go_to_forest_prompt"	""	"Are you sure you want to travel through this Portal?"	"Are you sure you want to travel through this Portal?"
"label_inventory"	""	"Inventory"	"Інвентар"
"label_not_enough_food_before_portal"	""	"You need to have enough Food for your Villagers before you can enter the Portal"	"You need to have enough Food for your Villagers before you can enter the Portal"
"label_taking_portal_full"	""	"Teleporting through Portal"	"Teleporting through Portal"
"label_taking_portal_title"	""	"Take the Portal"	"Take the Portal"
"label_toggle_inventory"	""	"Click to toggle the inventory"	"Click to toggle the inventory"
"label_total_combatlevel"	""	"Total Combat Level [level]"	"Total Combat Level [level]"
"quest_break_bottle_text"	""	"Break a Bottle"	"Break a Bottle"
"quest_build_smithy_text"	""	"Build a Smithy"	"Build a Smithy"
"quest_build_stable_portal_text"	""	"Build a Stable Portal"	"Build a Stable Portal"
"quest_craft_amulet_forest_text"	""	"Craft the Amulet of the Forest"	"Craft the Amulet of the Forest"
"quest_equip_archer_quiver_text"	""	"Equip an Archer with a Quiver"	"Equip an Archer with a Quiver"
"quest_fight_wave_six_text"	""	"Get to wave 6"	"Добратися до хвилі 6"
"quest_fight_wicked_witch_text"	""	"Fight the Wicked Witch"	"Fight the Wicked Witch"
"quest_find_dark_forest_text"	""	"Find the Dark Forest"	"Знайти темний ліс"
"quest_finish_first_wave_text"	""	"Complete the first wave"	"Complete the first wave"
"quest_plant_berry_bush_text"	""	"Grow a Berry Bush using Soil"	"Grow a Berry Bush using Soil"
"quest_punch_rock_text"	""	"Mine a Rock using a Villager"	"Mine a Rock using a Villager"
"quest_punch_tree_text"	""	"Harvest a Tree using a Villager"	"Harvest a Tree using a Villager"
"quest_train_archer_text"	""	"Train an Archer"	"Train an Archer"
"quest_train_ninja_text"	""	"Train a Ninja"	"Train a Ninja"
"quest_train_wizard_text"	""	"Train a Wizard"	"Train a Wizard"
"quest_villager_combat_20_text"	""	"Have a Villager with Combat Level 20"	"Have a Villager with Combat Level 20"
"quest_wear_bunny_hat_text"	""	"Make a Villager wear a Rabbit Hat"	"Make a Villager wear a Rabbit Hat"
"quest_wear_crab_scale_armor_text"	""	"Make a Villager wear Crab Scale Armor"	"Make a Villager wear Crab Scale Armor"
"questgroup_equipment"	""	"Strengthen Up"	"Strengthen Up"
"questgroup_forest_mainquest"	""	"The Dark Forest"	"Темний ліс"
"rumor_combat_description"	""	"Some attack types are stronger against others. For example, Melee beats Magic!"	"Some attack types are stronger against others. For example, Melee beats Magic!"
"rumor_combat_name"	""	"Combat"	"Бій"
"specialhit_bleeding_long"	""	"[chance]% chance to Bleed [target]"	"[chance]% шанс викликати кровотечу у [target]"
"specialhit_crit_long"	""	"[chance]% chance to do a Critical Hit on [target]"	"[chance]% шанс завдати критичного удару до [target]"
"specialhit_damage_long"	""	"[chance]% chance to Damage [target]"	"[chance]% шанс завдати шкоди до [target]"
"specialhit_frenzy_long"	""	"[chance]% chance to Frenzy [target]"	"[chance]% шанс на шаленство [target]"
"specialhit_heal_long"	""	"[chance]% chance to Heal [target]"	"[chance]% шанс зцілити [target]"
"specialhit_heallowest_long"	""	"[chance]% chance to Heal friendly with lowest health"	"[chance]% шанс зцілити союзника з найнижчим рівнем здоров'я"
"specialhit_invulnerable_long"	""	"[chance]% chance to make [target] Invulnerable"	"[chance]% шанс зробити [target] невразливим(ми)"
"specialhit_lifesteal_long"	""	"[chance]% chance to Lifesteal from [target]"	"[chance]% шанс на вкрасти здоров'я у [target]"
"specialhit_poison_long"	""	"[chance]% chance to Poison [target]"	"[chance]% шанс отруїти [target]"
"specialhit_stun_long"	""	"[chance]% chance to Stun [target]"	"[chance]% шанс приголомшити [target]"
"statuseffect_bleeding_description"	""	"Deals damage every 2s for 10s"	"Завдає шкоди кожні 2 с протягом 10 с"
"statuseffect_bleeding_lore"	""	"It's gushing out"	"Воно витікає"
"statuseffect_bleeding_name"	""	"Bleeding"	"Кровоточить"
"statuseffect_frenzy_description"	""	"Increases attack speed for 10s"	"Збільшує швидкість атаки на 10 с"
"statuseffect_frenzy_lore"	""	"They're enraged"	"Вони розлючені"
"statuseffect_frenzy_name"	""	"Frenzy"	"Шаленство"
"statuseffect_invulnerable_description"	""	"Can't be damaged for 10s"	"Не може бути ушкоджений протягом 10 с"
"statuseffect_invulnerable_lore"	""	"A skin made of steel"	"Шкіра зі сталі"
"statuseffect_invulnerable_name"	""	"Invulnerable"	"Невразливий"
"target_allenemy"	""	"all enemies"	"всіх ворогів"
"target_allfriendly"	""	"all friendlies"	"всіх союзників"
"target_randomenemy"	""	"random enemy"	"випадкового ворога"
"target_randomfriendly"	""	"random friendly"	"випадкового союзника"
"target_self"	""	"self"	"себе"
"target_target"	""	"target"	"ціль"
"cardtype_humans"	""	"Villagers"	"Селяни"
"label_food_infobox"	""	"Every Moon you need [required_food_count] [foodicon] to feed your Villagers. You currently have [food_count] [foodicon]"	"Every Moon you need [required_food_count] [foodicon] to feed your Villagers. You currently have [food_count] [foodicon]"
"label_food_infobox_warning"	""	"Get [foodicon] so you won't lose your Villagers!"	"Get [foodicon] so you won't lose your Villagers!"
"label_starving_humans"	""	"<one>There is not enough Food.. 1 Villager will starve of Hunger<other>There is not enough Food.. [count] Villagers will starve of Hunger"	"<one>There is not enough Food.. 1 Villager will starve of Hunger<other>There is not enough Food.. [count] Villagers will starve of Hunger"
"card_tuna_description"	""	"Chunky fish"	"Велика риба"
"card_cod_description"	""	"Wet and slippery fish"	"Мокра та слизька риба"
"card_mackerel_description"	""	"Small fish"	"Маленька риба"
"label_health"	""	"Max Health"	"Макс. здоров'я"
"label_wave"	""	"Wave [wave]"	"Хвиля [wave]"
"label_undiscovered_cards_tooltip"	""	"This pack still contains some undiscovered cards"	"У цьому пакунку все ще є кілька невідкритих карт"
"label_undiscovered_cards_tooltip_title"	""	"Undiscovered Cards"	"Невідкриті карти"
"rumor_dark_forest_name"	""	"Dark Forest"	"Темний ліс"
"rumor_dark_forest_description"	""	"There's a hidden world behind the Strange Portal"	"За дивним порталом ховається прихований світ"
"pack_equipment_text"	"Name of a Card Pack related to Combat"	"The Armory"	"Зброярня"
"label_ui_scale"	""	"UI Scale: [scale]"	"Розмір інтерфейсу: [scale]"
"label_ui_scale_100"	""	"100%"	"100%"
"label_ui_scale_80"	""	"80%"	"80%"
"label_ui_scale_60"	""	"60%"	"60%"
"pack_combat_intro_text"	""	"New Weaponry"	"Нова зброя"
"label_strange_portal_appeared_strong"	""	"It seems stronger than usual"	"Він здається сильнішим, ніж зазвичай"
"label_itemlevel"	""	"Item Level [level]"	"Рівень предмета: [level]"
"label_health_info"	""	"Health: [health]/[maxhealth]"	"Здоров'я: [health]/[maxhealth]"
"card_rare_portal_name"	""	"Rare Portal"	"Рідкісний портал"
"card_rare_portal_description"	""	"It looks threatening. I wonder if we can enter it?"	"Виглядає загрозливо. Цікаво, чи зможемо ми туди увійти?"
"label_forest_wave_endless_end2"	""	"You have finished the Dark Forest quest"	"You have finished the Dark Forest quest"
"label_max_villager_in_portal"	""	"You can only take 7 Villagers in the portal"	"You can only take 7 Villagers in the portal"
"card_stable_portal_description"	""	"A permanent portal to The Dark Forest. Can move 7 Cards. Time for revenge!"	"A permanent portal to The Dark Forest. Can move 7 Cards. Time for revenge!"
"label_update_title_forest"	""	"The Dark Forest Update"	"The Dark Forest Update"
"label_update_text_forest"	"The # adds newlines to the text. Please keep them"	"The latest update is here! We've added a new area, made big changes to the combat in the game, and added several quality of life fixes!##This update brings a lot of changes to the base game. For the best experience you should start a new run!"	"The latest update is here! We've added a new area, made big changes to the combat in the game, and added several quality of life fixes!##This update brings a lot of changes to the base game. For the best experience you should start a new run!"
"card_militia_description"	""	"A villager that's ready to rumble."	"A villager that's ready to rumble."
"card_swordsman_description"	""	"A villager that's ready to fight!"	"A villager that's ready to fight!"
"quest_pause_game_text"	""	"Pause using the play icon in the top right corner"	"Pause using the play icon in the top right corner"
"card_university_name"	""	"University"	"University"
"card_university_description_long"	""	"A place of wisdom. Gives you a new Idea for every [max_count] Coins you gift them. [count]/[max_count] Coins given."	"A place of wisdom. Gives you a new Idea for every [max_count] Coins you gift them. [count]/[max_count] Coins given."
"card_university_description_completed"	""	"A place of wisdom. You've discovered all their Ideas."	"A place of wisdom. You've discovered all their Ideas."
"idea_university_status_0"	""	"Building a University"	"Building a University"
"label_invention_fullname"	""	"Invention: [name]"	"Invention: [name]"
"card_lighthouse_name"	""	"Lighthouse"	"Lighthouse"
"card_lighthouse_description"	""	"Increases the board size past the Warehouse limit"	"Increases the board size past the Warehouse limit"
"idea_lighthouse_status_0"	""	"Building a Lighthouse"	"Building a Lighthouse"
"card_resource_chest_name_override"	"[resource] is replaced by the resource the chest is holding, e.g. ""Wood Chest"""	"[resource] Chest"	"[resource] Chest"
"card_resource_chest_name"	""	"Resource Chest"	"Resource Chest"
"card_resource_chest_description"	""	"A Chest for storing Resources"	"A Chest for storing Resources"
"card_resource_chest_description_long"	""	"A Chest containing [amount] [resource] "	"A Chest containing [amount] [resource] "
"idea_resourcechest_status_0"	""	"Building Resource Chest"	"Building Resource Chest"
"card_resource_magnet_name"	""	"Resource Magnet"	"Resource Magnet"
"card_resource_magnet_name_override"	""	"[resource] Magnet"	"[resource] Magnet"
"card_resource_magnet_description"	""	"This card magically pulls cards of the same kind towards it"	"This card magically pulls cards of the same kind towards it"
"card_resource_magnet_description_long"	"[resource] is replaced by the resource the magnet is pulling, e.g. ""Wood Magnet"""	"Magnet is pulling [resource]"	"Magnet is pulling [resource]"
"idea_resource_magnet_status_0"	""	"Building a Resource Magnet"	"Building a Resource Magnet"
"card_heavy_foundation_name"	""	"Magic Glue"	"Magic Glue"
"card_heavy_foundation_description"	""	"Sticks the stack on top of it to the board and prevents it from moving"	"Sticks the stack on top of it to the board and prevents it from moving"
"idea_heavy_foundation_status_0"	""	"Crafting Magic Glue"	"Crafting Magic Glue"
"card_conveyor_name"	""	"Crane"	"Crane"
"card_conveyor_description"	""	"Lifts cards from one place to another"	"Lifts cards from one place to another"
"card_conveyor_status"	""	"Lifting [resource]"	"Lifting [resource]"
"idea_conveyor_status_0"	""	"Building a Crane"	"Building a Crane"
"card_hotpot_name"	""	"Hotpot"	"Hotpot"
"card_hotpot_description"	""	"A replenishable source of Food that your Villagers can eat from. Add Food and they'll eat from it at the end of the Moon!"	"A replenishable source of Food that your Villagers can eat from. Add Food and they'll eat from it at the end of the Moon!"
"idea_hotpot_status_0"	""	"Building a Hotpot"	"Building a Hotpot"
"card_trash_can_name"	""	"Dustbin"	"Dustbin"
"card_trash_can_description"	""	"Allows you to get rid of cards you don't want anymore"	"Allows you to get rid of cards you don't want anymore"
"idea_trash_can_status_0"	""	"Building a Dustbin"	"Building a Dustbin"
"card_trash_can_status_0"	""	"Getting rid of Card"	"Getting rid of Card"
"label_update_text_chaos"	"The # adds newlines to the text. Please keep them"	"Here's a new minor update! We've added a bunch of cards that will make life in the mid-game and late-game a lot more manageable.##There are cards that will help you with food management, resource management and even some cards you can use to set up some simple automation!##We've also fixed some bugs, as well as added quality of life fixes. Enjoy!"	"Here's a new minor update! We've added a bunch of cards that will make life in the mid-game and late-game a lot more manageable.##There are cards that will help you with food management, resource management and even some cards you can use to set up some simple automation!##We've also fixed some bugs, as well as added quality of life fixes. Enjoy!"
"label_update_title_chaos"	""	"Order & Structure"	"Order & Structure"
"label_menu_sub_title"	""	"Order & Structure"	"Order & Structure"
"card_breeding_pen_name"	""	"Breeding Pen"	"Breeding Pen"
"card_breeding_pen_description"	""	"A pen for breeding Animals"	"A pen for breeding Animals"
"idea_breedingpen_status_0"	""	"Building a Breeding Pen"	"Building a Breeding Pen"
"action_breeding_status"	""	"Breeding Animals"	"Breeding Animals"
"action_slaughtering_status"	""	"Butchering animal"	"Butchering animal"
"card_slaughter_house_name"	""	"Butchery"	"Butchery"
"card_slaughter_house_description"	""	"Sends animals on vacation"	"Sends animals on vacation"
"idea_slaughterhouse_status_0"	""	"Building a Butchery"	"Building a Butchery"
"card_wishing_well_name"	""	"Wishing Well"	"Wishing Well"
"card_wishing_well_description_long"	""	"<one>It gives you a wish for every [count] coins. You currently have [amount] wish<other>It gives you a wish for every [count] coins. You currently have [amount] wishes"	"<one>It gives you a wish for every [count] coins. You currently have [amount] wish<other>It gives you a wish for every [count] coins. You currently have [amount] wishes"
"card_wishing_well_wish_1"	""	"Aah! My first wish"	"Aah! My first wish"
"card_wishing_well_wish_2"	""	"I'm feeling lucky!"	"I'm feeling lucky!"
"card_wishing_well_wish_5"	""	"Oh happy days!"	"Oh happy days!"
"card_wishing_well_wish_10"	""	"I really hope this Wishing Well does something?"	"I really hope this Wishing Well does something?"
"card_wishing_well_wish_20"	""	"I sure am spending a lot of money on wishes"	"I sure am spending a lot of money on wishes"
"card_wishing_well_wish_50"	""	"This isn't going anywhere. I should stop buying wishes"	"This isn't going anywhere. I should stop buying wishes"
"idea_wishing_well_status_0"	""	"Building a Wishing Well"	"Building a Wishing Well"
"card_brickyard_status"	""	"Making a Brick"	"Making a Brick"
"card_sawmill_status"	""	"Making a Plank"	"Making a Plank"
"label_one_villager_needs_to_stay_island"	""	"At least one Villager needs to stay on the Island"	"At least one Villager needs to stay on the Island"
"label_screenshake_enabled"	""	"Screenshake enabled"	"Трясіння екрана увімкнено"
"card_university_status"	""	"Researching"	"Дослідження"
"card_university_description"	""	"A place of wisdom. Gives you a new Idea for every [max_count] Coins you gift them."	"A place of wisdom. Gives you a new Idea for every [max_count] Coins you gift them."
"card_wishing_well_description"	""	"It gives you a wish for every [count] coins."	"It gives you a wish for every [count] coins."
"label_clicktodrag_enabled"	""	"Easy dragging"	"Easy dragging"
"label_clicktodrag_tooltip"	""	"Allows you to drag cards with right click.#Right click once to start dragging and right click again to stop dragging."	"Allows you to drag cards with right click.#Right click once to start dragging and right click again to stop dragging."
